model,condition,domain,pred_len,mean,std,cv,n_backbones
mmtsflib,C5_constant,Economy,12,0.578855575993657,0.7514729672977246,1.2982045927565862,3
mmtsflib,C2_empty,Economy,12,0.5768394708219502,0.7484949201701768,1.2975792365658185,3
mmtsflib,C9_zero_priors,Economy,12,0.5449870102521446,0.7037743566707546,1.2913598735961527,3
mmtsflib,C8_oracle,Economy,12,0.48956461788879496,0.6320858598050633,1.2911183461968285,3
mmtsflib,C3_shuffled,Economy,12,0.44973972646726507,0.5757922172648037,1.2802787554208057,3
mmtsflib,C1_original,Economy,12,0.4342184917380412,0.5538558379979865,1.2755233794421659,3
mmtsflib,C4_crossdomain,Economy,12,0.4302550119658311,0.5481303168041172,1.2739661399868765,3
mmtsflib,C9_zero_priors,Economy,10,0.41291244762639207,0.5258754955518878,1.2735762716160741,3
mmtsflib,C3_shuffled,Economy,10,0.41739092332621414,0.5302350018805427,1.2703558516679452,3
mmtsflib,C4_crossdomain,Economy,10,0.41698759959803694,0.5295660101809041,1.2699802360822943,3
mmtsflib,C2_empty,Economy,10,0.4022454410377476,0.5099698910859594,1.2678077587909882,3
mmtsflib,C5_constant,Economy,10,0.39954038771490247,0.5060910408728216,1.266683059921216,3
mmtsflib,C8_oracle,Economy,10,0.39793373478783495,0.5025029569494011,1.2627804908707199,3
mmtsflib,C1_original,Economy,10,0.38093793599141973,0.47870746826470095,1.2566547540581083,3
tats,C6_unimodal,Economy,12,0.6209978355715672,0.7698634038755883,1.2397199471186644,3
mmtsflib,C8_oracle,Economy,6,0.3250244920038515,0.4015215858899457,1.235357936918759,3
tats,C9_zero_priors,Economy,12,0.5375674698087904,0.6619579615815037,1.2313951248146733,3
tats,C2_empty,Economy,12,0.5374386310577394,0.661775959468218,1.231351676684962,3
tats,C5_constant,Economy,12,0.5374297586580118,0.6617634215058901,1.231348675515002,3
mmtsflib,C2_empty,Economy,6,0.40610322190655596,0.49783975201650066,1.225894612899804,3
tats,C5_constant,Economy,10,0.45483818277716637,0.5571023146084527,1.2248362949805105,3
tats,C9_zero_priors,Economy,10,0.454727389332321,0.5569457812036717,1.2247904882559164,3
tats,C2_empty,Economy,10,0.4546508437229528,0.5568376420262335,1.2247588445377429,3
mmtsflib,C1_original,Economy,6,0.3062383609099521,0.374960542088558,1.224407487600201,3
mmtsflib,C4_crossdomain,Economy,6,0.29846678632828927,0.3642909115245579,1.2205408715858501,3
tats,C6_unimodal,Economy,10,0.5294105986961061,0.6458623664698029,1.2199649347038155,3
mmtsflib,C5_constant,Economy,6,0.39151994056171846,0.4767127687925179,1.2175951194428878,3
mmtsflib,C6_unimodal,Economy,12,0.5513871719853746,0.6713655811372705,1.217593762147006,3
mmtsflib,C3_shuffled,Economy,6,0.2904926223887338,0.35294261941272176,1.2149796318765649,3
mmtsflib,C9_zero_priors,Economy,6,0.37816785255240076,0.458024831867048,1.21116807992975,3
mmtsflib,C6_unimodal,Economy,10,0.4671649775571293,0.5576711184574792,1.1937348586651746,3
mmtsflib,C4_crossdomain,Economy,8,0.33885037919713396,0.40440747592834597,1.1934691555799402,3
mmtsflib,C3_shuffled,Economy,8,0.33034060440129703,0.3936735251291895,1.1917200607012144,3
mmtsflib,C2_empty,Economy,8,0.3782579832606845,0.45049645353207785,1.190976723475017,3
mmtsflib,C5_constant,Economy,8,0.3766207655684816,0.44826741739561904,1.1902355323371296,3
mmtsflib,C8_oracle,Economy,8,0.33050916571584016,0.39291889549486064,1.1888290439505635,3
mmtsflib,C1_original,Economy,8,0.3153542536828253,0.3715817064149778,1.1782993318641088,3
tats,C6_unimodal,Economy,6,0.4363436446421676,0.5136077335923676,1.177071649602143,3
tats,C8_oracle,Economy,10,0.13603692481087315,0.15985091018510375,1.175055305074988,3
tats,C1_original,Economy,10,0.13602213199353883,0.1598300614545104,1.1750298213389456,3
tats,C3_shuffled,Economy,10,0.1360156246357494,0.15982085160490636,1.175018326261468,3
tats,C4_crossdomain,Economy,10,0.13600395681957406,0.1598043924577782,1.1749981117812502,3
tats,C3_shuffled,Economy,12,0.14702728256169292,0.17266733881609558,1.174389785403563,3
tats,C4_crossdomain,Economy,12,0.14699547851665154,0.1726224860518335,1.174338746972268,3
tats,C1_original,Economy,12,0.14698808536761335,0.17261205625514908,1.1743268566527065,3
tats,C8_oracle,Economy,12,0.14697494140515724,0.17259352054932947,1.1743057619159105,3
mmtsflib,C9_zero_priors,Economy,8,0.34499820942680043,0.40354465616616,1.1697007263795134,3
tats,C6_unimodal,Economy,8,0.48246194877558285,0.5635484952158782,1.1680682728370209,3
mmtsflib,C6_unimodal,Economy,6,0.3917610758087701,0.4516227632911665,1.152801519035078,3
mmtsflib,C6_unimodal,Economy,8,0.41588160147269565,0.46730414752231264,1.123647080966127,3
tats,C5_constant,Economy,8,0.3895242725395494,0.435412019670583,1.1178045897675721,3
tats,C9_zero_priors,Economy,8,0.38903084500796264,0.43471764533224033,1.1174374754869183,3
tats,C2_empty,Economy,8,0.38903084500796264,0.43471764533224033,1.1174374754869183,3
tats,C1_original,Economy,8,0.1206134794693854,0.13108703912563463,1.0868357309840122,3
tats,C8_oracle,Economy,8,0.12048168490744299,0.13090184083238357,1.0864874684724537,3
tats,C4_crossdomain,Economy,8,0.12046047393232584,0.13087203704127892,1.086431364322892,3
tats,C3_shuffled,Economy,8,0.12027472609447108,0.13061104038943258,1.0859392046076475,3
tats,C8_oracle,Economy,6,0.10489057190716267,0.11165198967749057,1.064461635086825,3
tats,C3_shuffled,Economy,6,0.10488230548799038,0.1116403781268791,1.064434821559701,3
tats,C4_crossdomain,Economy,6,0.10480390013092095,0.11153025545049387,1.064180391294316,3
tats,C1_original,Economy,6,0.10478590553005536,0.11150497916383709,1.0641219217393174,3
tats,C5_constant,Economy,6,0.32240589087208116,0.3294991142202081,1.0220009111153037,3
tats,C2_empty,Economy,6,0.3221481459008323,0.3291383708610973,1.0216987899797407,3
tats,C9_zero_priors,Economy,6,0.3221481459008323,0.3291383708610973,1.0216987899797407,3
tats,C5_constant,Traffic,6,3.978842240240839,3.651859985458492,0.9178197488014618,3
tats,C9_zero_priors,Traffic,6,3.9788883907927404,3.651812481376245,0.9177971641091119,3
tats,C2_empty,Traffic,6,3.9788883907927404,3.651812481376245,0.9177971641091119,3
tats,C2_empty,Traffic,8,4.187197181913588,3.6816987302233968,0.8792752216509724,3
tats,C9_zero_priors,Traffic,8,4.187197181913588,3.6816987302233968,0.8792752216509724,3
tats,C5_constant,Traffic,8,4.187229240934054,3.681664211374603,0.8792602457450661,3
tats,C5_constant,Traffic,10,4.383523787061374,3.793439369553528,0.8653858297177335,3
tats,C9_zero_priors,Traffic,10,4.38355715572834,3.7934028943649976,0.8653709212865762,3
tats,C2_empty,Traffic,10,4.383570685982704,3.793388104552381,0.8653648763284363,3
tats,C9_zero_priors,Climate,12,3.2797518968582153,2.829986428037234,0.8628660084770965,3
tats,C5_constant,Climate,10,3.378961748547024,2.9155859098138324,0.8628644319716119,3
tats,C2_empty,Climate,12,3.2797862887382507,2.829958495725597,0.8628484439497719,3
tats,C9_zero_priors,Climate,10,3.3791153960757785,2.915463511489049,0.8627889757404626,3
tats,C2_empty,Climate,10,3.3791514370176525,2.915434809051863,0.8627712795331087,3
tats,C5_constant,Climate,12,3.280081881417168,2.829718413727699,0.8626974923275731,3
tats,C5_constant,Climate,6,3.2763327227698436,2.7813769932207566,0.848929955706499,3
tats,C9_zero_priors,Climate,6,3.276541385385725,2.781207623323719,0.8488242009481917,3
tats,C2_empty,Climate,6,3.276541385385725,2.781207623323719,0.8488242009481917,3
tats,C5_constant,Climate,8,3.333512557877435,2.8097309135833526,0.8428739549649116,3
tats,C9_zero_priors,Climate,8,3.3336465623643665,2.8096240447444045,0.8428080158418766,3
tats,C2_empty,Climate,8,3.3336465623643665,2.8096240447444045,0.8428080158418766,3
tats,C9_zero_priors,Traffic,12,4.29708973566691,3.5675250308038216,0.8302188807444442,3
tats,C2_empty,Traffic,12,4.297108047538333,3.5675042857797545,0.8302105151448208,3
tats,C5_constant,Traffic,12,4.2971226423978806,3.567487802896645,0.8302038596007851,3
tats,C2_empty,Energy,12,1.2413432399431865,1.0272037801933724,0.8274937560705492,3
tats,C9_zero_priors,Energy,12,1.2413497964541118,1.0271976341534248,0.8274844343533081,3
tats,C5_constant,Energy,12,1.2413580152723525,1.0271899169867214,0.8274727390078173,3
tats,C6_unimodal,Agriculture,6,0.23181079783373407,0.18010868181725528,0.7769641599975768,3
tats,C5_constant,Energy,24,1.3766430815060933,1.0203794610875336,0.7412084328867615,3
tats,C2_empty,Energy,24,1.376831591129303,1.0201886799231559,0.7409683845838968,3
tats,C9_zero_priors,Energy,24,1.37685160835584,1.0201684178848482,0.740942895874652,3
mmtsflib,C8_oracle,Agriculture,10,0.2742772731516096,0.1977314478490398,0.7209180898475015,3
tats,C5_constant,Energy,36,1.5129147933589087,1.0682806999967784,0.7061076437920389,3
tats,C9_zero_priors,Energy,36,1.5129236082235973,1.0682715745030116,0.7060974980470595,3
tats,C2_empty,Energy,36,1.513059053156111,1.068133964740179,0.705943342073889,3
mmtsflib,C4_crossdomain,Agriculture,10,0.26290906469027203,0.18175771046170275,0.6913329925532538,3
mmtsflib,C3_shuffled,Agriculture,6,0.15196343552735117,0.10498654724685604,0.6908671607911891,3
mmtsflib,C3_shuffled,Agriculture,10,0.26285316712326473,0.18151177357944975,0.6905443657611703,3
mmtsflib,C6_unimodal,Agriculture,10,0.3059145601259337,0.20774575372866033,0.6790973062646612,3
mmtsflib,C1_original,Agriculture,10,0.25817989061276114,0.174874733309515,0.6773367704760791,3
mmtsflib,C8_oracle,Agriculture,8,0.22154400083753797,0.14983407209980792,0.6763174427353771,3
tats,C9_zero_priors,Agriculture,6,15.366033222940233,10.367981486232317,0.6747337673820571,3
tats,C2_empty,Agriculture,6,15.366033222940233,10.367981486232317,0.6747337673820571,3
tats,C5_constant,Agriculture,6,15.36604979303148,10.367958670822189,0.6747315549845523,3
tats,C2_empty,Agriculture,8,15.821769667996302,10.602948588097645,0.6701493455276942,3
tats,C9_zero_priors,Agriculture,8,15.821769667996302,10.602948588097645,0.6701493455276942,3
tats,C5_constant,Agriculture,8,15.821772628360327,10.602943607079798,0.67014890531761,3
mmtsflib,C1_original,Agriculture,6,0.14747714127103487,0.09862136709387458,0.6687230729040734,3
tats,C9_zero_priors,Energy,48,1.6073427233431072,1.0741669658470088,0.6682874475039475,3
tats,C2_empty,Energy,48,1.6073814001348283,1.0741265691579323,0.6682462351921167,3
tats,C5_constant,Energy,48,1.6073875294791327,1.074120118297536,0.668239673755339,3
mmtsflib,C1_original,Agriculture,12,0.30098522785637116,0.2010211540720578,0.6678771430204018,3
tats,C2_empty,Agriculture,10,16.30371716287401,10.858297499013208,0.6660013413222825,3
tats,C9_zero_priors,Agriculture,10,16.3037345012029,10.85827322439081,0.6659991441586393,3
tats,C5_constant,Agriculture,10,16.3037684890959,10.85822604788794,0.6659948621786438,3
mmtsflib,C1_original,Agriculture,8,0.21697260025474763,0.14400665692008585,0.6637089510427011,3
tats,C2_empty,Agriculture,12,16.46757369571262,10.892333450286856,0.6614413058994055,3
tats,C5_constant,Agriculture,12,16.467590782377457,10.892309871458432,0.6614391877599164,3
tats,C9_zero_priors,Agriculture,12,16.46759573618571,10.892302499196898,0.6614385411018,3
mmtsflib,C8_oracle,Agriculture,6,0.14627808373835352,0.09645558141624128,0.6593987216073368,3
tats,C6_unimodal,Agriculture,12,0.34995944797992706,0.22863454723301715,0.6533172587645959,3
mmtsflib,C8_oracle,Agriculture,12,0.2940302648478084,0.19122241447332816,0.6503494277104633,3
mmtsflib,C4_crossdomain,Agriculture,6,0.14418378058407041,0.09349020172870166,0.6484099761428406,3
tats,C6_unimodal,Agriculture,8,0.2587211786044969,0.16766588833086618,0.6480562945609275,3
mmtsflib,C3_shuffled,Agriculture,12,0.2929950894580947,0.18973091787814622,0.6475566475501708,3
mmtsflib,C6_unimodal,Agriculture,12,0.3440028842952516,0.21871409306560488,0.6357914513236651,3
mmtsflib,C4_crossdomain,Agriculture,12,0.2858543031745487,0.1789518872505452,0.6260248149606249,3
mmtsflib,C6_unimodal,Agriculture,8,0.25139349864588845,0.1551489286836821,0.6171556922489235,3
tats,C6_unimodal,Agriculture,10,0.2829925003978941,0.1734300816316253,0.6128433841454404,3
mmtsflib,C6_unimodal,Agriculture,6,0.17900549372037253,0.1096428927058771,0.6125113281559509,3
mmtsflib,C2_empty,Traffic,10,0.38791706164677936,0.23586956232379444,0.60804121716762,3
mmtsflib,C3_shuffled,Agriculture,8,0.2006591508785884,0.12195024057801032,0.6077482140438141,3
mmtsflib,C9_zero_priors,Traffic,10,0.3876839793390698,0.23451759050835214,0.6049194782517495,3
mmtsflib,C4_crossdomain,Agriculture,8,0.19972047044171226,0.12029834861631639,0.6023335932979642,3
mmtsflib,C5_constant,Traffic,10,0.39483012424574965,0.2327160404210342,0.5894080165883883,3
tats,C2_empty,SocialGood,6,3.354058788882362,1.8662640746738997,0.5564196074499265,3
tats,C9_zero_priors,SocialGood,6,3.354058788882362,1.8662640746738997,0.5564196074499265,3
tats,C5_constant,SocialGood,6,3.35448102818595,1.865682476627451,0.5561761896851097,3
mmtsflib,C9_zero_priors,Traffic,8,0.35813457932737136,0.19629998203742136,0.5481179237316351,3
mmtsflib,C2_empty,Traffic,8,0.3593446248107486,0.19542655274145618,0.5438415917432436,3
mmtsflib,C5_constant,Traffic,8,0.35989366802904343,0.19426460128151923,0.5397833264069599,3
tats,C9_zero_priors,SocialGood,8,3.2738418579101562,1.6974223649301745,0.5184802561030597,3
tats,C2_empty,SocialGood,8,3.2738418579101562,1.6974223649301745,0.5184802561030597,3
tats,C5_constant,SocialGood,8,3.273922893736098,1.6973091170792745,0.5184328318564518,3
tats,C5_constant,SocialGood,10,3.303765469127231,1.7030316443748088,0.5154820038798654,3
tats,C9_zero_priors,SocialGood,10,3.3041005068355136,1.702559898123202,0.5152869577063262,3
tats,C2_empty,SocialGood,10,3.3041038645638356,1.702555166781894,0.5152850020974273,3
mmtsflib,C9_zero_priors,Traffic,6,0.3395615335967806,0.1742215330726667,0.5130779426846083,3
tats,C2_empty,SocialGood,12,3.227858636114332,1.632982563043532,0.5059027507503556,3
tats,C5_constant,SocialGood,12,3.227994912200504,1.6327903749862205,0.5058218551754649,3
tats,C9_zero_priors,SocialGood,12,3.228024959564209,1.6327484321049743,0.505804153486285,3
mmtsflib,C2_empty,Traffic,6,0.343068723877271,0.1724507023398444,0.5026710111923135,3
mmtsflib,C9_zero_priors,Agriculture,10,0.894967516263326,0.4440781695870065,0.49619473502359557,3
mmtsflib,C5_constant,Traffic,6,0.3454584810468886,0.17131249440986068,0.4958989395504483,3
mmtsflib,C2_empty,Agriculture,10,0.8960013720724319,0.44000116094281044,0.49107197227287414,3
mmtsflib,C2_empty,Agriculture,8,0.7351251045862833,0.3584500196734707,0.4876041063448658,3
mmtsflib,C5_constant,Agriculture,8,0.735849142074585,0.35695430550666446,0.4850916921643756,3
mmtsflib,C9_zero_priors,Agriculture,8,0.7369773520363702,0.3568399720147812,0.4841939457552977,3
mmtsflib,C5_constant,Agriculture,10,0.9231959448920356,0.418855212091717,0.4537013127161218,3
mmtsflib,C9_zero_priors,Agriculture,6,0.626332422097524,0.2827966722004911,0.45151210798481994,3
mmtsflib,C2_empty,Agriculture,6,0.6299147076076932,0.2759907629182241,0.43813989352048816,3
mmtsflib,C5_constant,Agriculture,6,0.6268623007668389,0.2728090012093752,0.43519765166233265,3
tats,C9_zero_priors,Health,12,1.8698839346567793,0.805103916750651,0.43056357767918324,3
tats,C5_constant,Health,12,1.870544367366367,0.8045082394907841,0.43009310740032936,3
tats,C2_empty,Health,12,1.871235383881463,0.8038850442372732,0.42960124159783253,3
mmtsflib,C9_zero_priors,Traffic,12,0.3894132822751999,0.16179323069349386,0.4154794868531319,3
mmtsflib,C5_constant,Agriculture,12,0.9320525924364725,0.38402253760577687,0.41201809932410155,3
mmtsflib,C2_empty,Agriculture,12,0.93317268954383,0.3822073433312404,0.4095783638053936,3
mmtsflib,C2_empty,Traffic,12,0.3919832292530272,0.15901042383897449,0.40565619131713526,3
mmtsflib,C5_constant,Traffic,12,0.3920607301923964,0.15862906067232846,0.4046032883591382,3
tats,C8_oracle,Agriculture,12,0.21939322021272448,0.08795994935460605,0.40092373533384373,3
tats,C1_original,Agriculture,12,0.21933494673834908,0.08788042545007017,0.4006676854596511,3
tats,C3_shuffled,Agriculture,12,0.21929614742596945,0.08782746717850513,0.40049708218496705,3
tats,C4_crossdomain,Agriculture,12,0.2192899650997586,0.08781903021505355,0.4004698991816759,3
mmtsflib,C9_zero_priors,Agriculture,12,0.9420783585972257,0.37604187295976765,0.3991619906434342,3
tats,C3_shuffled,Agriculture,10,0.18352486855453917,0.07251320715858864,0.39511379427600274,3
tats,C1_original,Agriculture,10,0.1834004728330506,0.07235121720733007,0.3944985314906541,3
tats,C8_oracle,Agriculture,10,0.1832272253102726,0.07212587708356698,0.3936417034173319,3
tats,C4_crossdomain,Agriculture,10,0.1831841278407309,0.07206982076499614,0.3934283041577549,3
tats,C8_oracle,Agriculture,6,0.11301527420679729,0.043138705029805796,0.3817068562862561,3
tats,C3_shuffled,Agriculture,6,0.11293979692790244,0.04304373201754994,0.38112103251812857,3
tats,C4_crossdomain,Agriculture,6,0.11288829147815704,0.04297894932813902,0.3807210541090977,3
tats,C1_original,Agriculture,6,0.11256681092911297,0.042575223511782376,0.37822181476379746,3
mmtsflib,C6_unimodal,Traffic,8,0.2661980224980248,0.09975593449283449,0.3747433341416902,3
mmtsflib,C6_unimodal,Traffic,6,0.25976141128275126,0.09701990846192095,0.3734962324958822,3
tats,C6_unimodal,Traffic,8,0.27531057761775124,0.09633497212783428,0.34991380629620555,3
tats,C6_unimodal,Energy,12,0.19977076517211068,0.06974729060551352,0.3491366243975858,3
tats,C6_unimodal,Environment,192,0.5069825218783485,0.17490837356368721,0.3449988234617225,3
mmtsflib,C2_empty,Energy,12,0.2328876836432351,0.07802612026627063,0.33503755563905335,3
mmtsflib,C5_constant,Energy,12,0.2337688969241248,0.07772643557334398,0.33249263095326115,3
tats,C1_original,Energy,12,0.26921871635648936,0.08811940634897134,0.32731530534558717,3
tats,C3_shuffled,Energy,12,0.2693340811464522,0.08811829168584452,0.3271709666699389,3
tats,C8_oracle,Energy,12,0.26959453357590574,0.08811705902233506,0.3268503179702835,3
tats,C4_crossdomain,Energy,12,0.2698854787482156,0.08811745104170042,0.3264994154202267,3
tats,C2_empty,Health,24,1.9797690444522436,0.6375875970197115,0.3220515033338736,3
tats,C5_constant,Health,24,1.979915115568373,0.637415616343138,0.32194088086455946,3
tats,C9_zero_priors,Health,24,1.980062100622389,0.6372389403154043,0.3218277548543059,3
mmtsflib,C8_oracle,Energy,12,0.2099319754375352,0.06743452021188781,0.3212208148441532,3
mmtsflib,C9_zero_priors,SocialGood,8,1.1747937069998846,0.36933072272698303,0.31437921443259764,3
mmtsflib,C6_unimodal,Traffic,10,0.25242798527081806,0.07916879929581985,0.3136292484008197,3
mmtsflib,C1_original,Energy,12,0.20519828134112886,0.06408157444264363,0.3122909900795522,3
mmtsflib,C3_shuffled,Energy,12,0.20488127734926012,0.06379667733160375,0.3113836371824736,3
tats,C9_zero_priors,Health,36,2.0400373140970864,0.625014892714462,0.3063742454098647,3
tats,C5_constant,Health,36,2.040419962671068,0.6245164293487674,0.30607249525790114,3
tats,C6_unimodal,Traffic,6,0.2838239537345038,0.08686888115346005,0.30606606669541153,3
tats,C2_empty,Health,36,2.0404396851857505,0.6244902442394051,0.30605670374547483,3
mmtsflib,C2_empty,SocialGood,8,1.1764028734631007,0.3583583207359373,0.3046221059295786,3
mmtsflib,C4_crossdomain,Energy,12,0.20514855451054045,0.062275141228200215,0.3035611992333124,3
tats,C8_oracle,Agriculture,8,0.13441664973894754,0.04069112707661507,0.30272386014412556,3
mmtsflib,C5_constant,SocialGood,8,1.177113758193122,0.3562464776132288,0.3026440521433287,3
tats,C4_crossdomain,Agriculture,8,0.13440181646082136,0.04067553947387869,0.30264129269216955,3
tats,C3_shuffled,Agriculture,8,0.13429122335380977,0.040559479446726436,0.30202628611005045,3
tats,C1_original,Agriculture,8,0.1340367727809482,0.040293473368773806,0.3006150665431499,3
mmtsflib,C6_unimodal,Energy,12,0.20192000932163665,0.060369861421113176,0.29897909386954585,3
tats,C6_unimodal,Health,12,1.407354288631015,0.4156918885477155,0.2953711740574395,3
tats,C2_empty,Environment,48,0.42460317744149106,0.12498005078422902,0.2943455381971344,3
tats,C5_constant,Environment,48,0.4256364007790883,0.12467278082165814,0.2929091134908952,3
tats,C9_zero_priors,Environment,48,0.42667320039537215,0.1243811285907554,0.2915138060592954,3
tats,C6_unimodal,Environment,336,0.4283356434769101,0.12391262683712706,0.2892886191569222,3
mmtsflib,C9_zero_priors,Energy,12,0.2509010566605462,0.07132975687018292,0.2842943661520235,3
mmtsflib,C9_zero_priors,Health,12,1.3335625065697565,0.3738333491724005,0.280326829324251,3
mmtsflib,C2_empty,Health,12,1.3371134201685588,0.3722442919825808,0.27839395399655403,3
mmtsflib,C4_crossdomain,Traffic,8,0.22500188648700714,0.06222272228615713,0.2765431137385162,3
mmtsflib,C8_oracle,Traffic,6,0.2175576819313897,0.05876582830321475,0.2701160803953937,3
tats,C2_empty,Health,48,2.145989934603373,0.5753274599424473,0.268094202431001,3
tats,C9_zero_priors,Health,48,2.146110018094381,0.5751714566726448,0.26800651030153766,3
tats,C5_constant,Health,48,2.1461675034628978,0.5750979815443533,0.2679650962082026,3
mmtsflib,C1_original,Traffic,8,0.22680493526988557,0.06058880771921877,0.2671406054154923,3
mmtsflib,C3_shuffled,Traffic,8,0.2269796795315213,0.06039336123478523,0.26607386775518926,3
mmtsflib,C5_constant,Health,12,1.3611706892649333,0.35954008446919217,0.2641403369208258,3
mmtsflib,C4_crossdomain,Health,12,1.2047884795400832,0.3178575997834231,0.2638285518008624,3
tats,C6_unimodal,Environment,96,0.4351961248450809,0.11343666044656295,0.2606564120646607,3
tats,C5_constant,Environment,336,0.38846005996068317,0.1009915210614321,0.25997916252099035,3
tats,C2_empty,Environment,336,0.38860463764932424,0.10096388485434482,0.25981132254385075,3
tats,C9_zero_priors,Environment,336,0.38868094484011334,0.1009492278266641,0.25972260582054074,3
mmtsflib,C9_zero_priors,SocialGood,10,1.2017347878879971,0.3089647129046364,0.25709891734733753,3
mmtsflib,C6_unimodal,Health,12,1.2789016498459709,0.32867074815327485,0.2569945454311201,3
mmtsflib,C1_original,Traffic,6,0.22129652731948427,0.05601898493896549,0.25313991872132396,3
mmtsflib,C3_shuffled,Traffic,6,0.2212925934129291,0.05601415361313523,0.2531225864781364,3
mmtsflib,C6_unimodal,Traffic,12,0.30321236285898423,0.07630308877435657,0.2516490028800146,3
mmtsflib,C3_shuffled,Health,12,1.2240562041600545,0.30763149045683585,0.25132137675649635,3
mmtsflib,C8_oracle,Health,12,1.2284147673183017,0.30368081036219696,0.247213578378864,3
mmtsflib,C4_crossdomain,Traffic,6,0.22267439133591124,0.05503062272099108,0.24713494170048353,3
mmtsflib,C1_original,Health,12,1.234656055768331,0.30277560322041774,0.24523072786615002,3
mmtsflib,C9_zero_priors,SocialGood,12,1.2426626020007665,0.29919205539282645,0.24076692652624135,3
mmtsflib,C5_constant,SocialGood,10,1.205090774430169,0.2899231017023061,0.24058196100571524,3
mmtsflib,C2_empty,SocialGood,10,1.2059312793943617,0.2895813954468351,0.24013092652532206,3
mmtsflib,C8_oracle,Traffic,8,0.23276263806555006,0.05571807334557963,0.2393772205395285,3
mmtsflib,C2_empty,SocialGood,12,1.2215537163946364,0.283229856561211,0.23186033717547178,3
mmtsflib,C5_constant,SocialGood,12,1.2219576438268025,0.28297510099665835,0.23157521246846638,3
mmtsflib,C9_zero_priors,SocialGood,6,1.0460413164562647,0.23964024982030213,0.22909252823028578,3
mmtsflib,C5_constant,SocialGood,6,1.0538326899210613,0.2411436118533544,0.2288253288777914,3
tats,C6_unimodal,Traffic,10,0.28131669594181913,0.0641984141186231,0.22820691073344748,3
mmtsflib,C2_empty,SocialGood,6,1.054962562190162,0.2397018941537877,0.22721364979639944,3
tats,C9_zero_priors,Environment,96,0.4295115901364221,0.09734889278873035,0.22665021159920332,3
tats,C8_oracle,Health,12,1.1499725646442838,0.2598298206932323,0.22594436483239438,3
tats,C1_original,Health,12,1.1499772999021742,0.2598263842498544,0.2259404461913789,3
tats,C3_shuffled,Health,12,1.1502320369084675,0.25964262662511695,0.22573065111537893,3
tats,C4_crossdomain,Health,12,1.1505622267723083,0.259404969183304,0.22545931297520272,3
tats,C2_empty,Environment,96,0.42822866307364565,0.09638982716152025,0.22508962027360457,3
tats,C5_constant,Environment,96,0.4277939465310838,0.09607018808995692,0.2245711723341938,3
tats,C2_empty,Environment,192,0.38439834117889404,0.08412082712592235,0.2188376434402291,3
tats,C5_constant,Environment,192,0.38433397147390574,0.08405077246417278,0.21869201970838373,3
tats,C6_unimodal,Traffic,12,0.3167749047279358,0.06914536166472854,0.21827916489822477,3
tats,C9_zero_priors,Environment,192,0.38355625006887645,0.08310496407397308,0.21666956035535767,3
mmtsflib,C8_oracle,SocialGood,8,1.0900849766201441,0.22966990691423325,0.21068991119053376,3
tats,C8_oracle,Energy,24,0.35769381291336483,0.07302008177293952,0.20414130504020023,3
tats,C4_crossdomain,Energy,24,0.35764884783162015,0.07301016606661204,0.20413924582523743,3
tats,C3_shuffled,Energy,24,0.3575373937686284,0.0729859229578579,0.2041350757428437,3
tats,C1_original,Energy,24,0.3574681464168761,0.07297057363471497,0.20413168100750817,3
mmtsflib,C4_crossdomain,Traffic,10,0.22191577156384787,0.04457648268182972,0.20087117904102875,3
mmtsflib,C1_original,Traffic,10,0.2221584187613593,0.044477222876591394,0.20020498491379907,3
mmtsflib,C6_unimodal,SocialGood,8,1.1011005640029907,0.21700247223397193,0.1970777959145451,3
mmtsflib,C3_shuffled,Traffic,10,0.22295647694004908,0.043587251172932016,0.19549668065777798,3
mmtsflib,C1_original,SocialGood,8,1.05750439564387,0.20210984328227719,0.19111962476451078,3
tats,C6_unimodal,Energy,24,0.3043168899085787,0.056309847849238946,0.18503688003040272,3
mmtsflib,C6_unimodal,Environment,192,0.5325047738022274,0.09796271445122016,0.1839658896421529,3
mmtsflib,C8_oracle,Traffic,10,0.2258621503909429,0.04107277151440073,0.18184884649025176,3
mmtsflib,C1_original,Energy,24,0.31213226417700446,0.05444212894216366,0.17442006223134476,3
mmtsflib,C3_shuffled,Energy,24,0.3120199922058317,0.05437611851294965,0.1742712642498853,3
mmtsflib,C4_crossdomain,Energy,24,0.3095172925127877,0.05347599176689809,0.17277222649745402,3
mmtsflib,C8_oracle,Energy,36,0.3841742277145386,0.0650160128387777,0.16923574812802897,3
mmtsflib,C3_shuffled,SocialGood,8,1.0260231097539265,0.1729589250522439,0.16857215340278742,3
mmtsflib,C6_unimodal,SocialGood,12,1.1522475481033325,0.1924803492119465,0.16704774033043554,3
mmtsflib,C8_oracle,Energy,24,0.30981914036803776,0.05052008204828287,0.16306314060606286,3
mmtsflib,C4_crossdomain,Environment,192,0.4996225304073758,0.07899968220039005,0.15811873442932267,3
mmtsflib,C8_oracle,Traffic,12,0.26511387195852065,0.041731619537513406,0.15741016955930046,3
mmtsflib,C3_shuffled,Environment,192,0.5005441539817387,0.07864652829053355,0.1571220593925922,3
mmtsflib,C4_crossdomain,SocialGood,8,1.0220389763514202,0.15914139592971707,0.1557097132418926,3
mmtsflib,C6_unimodal,Energy,36,0.3976999521255493,0.06182426187077608,0.15545453686969232,3
mmtsflib,C8_oracle,Environment,192,0.502107044061025,0.07769678271827647,0.15474147124060936,3
mmtsflib,C1_original,Environment,192,0.5019038220246633,0.0773100757749696,0.1540336462533864,3
mmtsflib,C3_shuffled,Traffic,12,0.26536989708741504,0.040578515173610184,0.15291303052449573,3
mmtsflib,C4_crossdomain,Traffic,12,0.265552712811364,0.04042461364251511,0.15222820815704047,3
mmtsflib,C1_original,Traffic,12,0.2657453103197946,0.040234227079121866,0.15140145664547947,3
mmtsflib,C4_crossdomain,Energy,36,0.3820039199458228,0.05782936369190509,0.15138421537691724,3
mmtsflib,C6_unimodal,Energy,24,0.3194982260465622,0.04812280593463195,0.1506199471906262,3
mmtsflib,C6_unimodal,SocialGood,6,0.9532413416438633,0.1409045922467704,0.14781628333888733,3
mmtsflib,C2_empty,Health,36,1.850174903869629,0.2714608845101887,0.14672174178907627,3
mmtsflib,C5_constant,Health,36,1.8513549168904622,0.2702943712819193,0.1459981383450268,3
mmtsflib,C8_oracle,SocialGood,6,0.9462480876180862,0.1368600691302284,0.14463444726713814,3
tats,C6_unimodal,Health,24,1.6618371937010024,0.23885356760047938,0.14372862065298914,3
mmtsflib,C9_zero_priors,Health,36,1.835789402325948,0.2584970678822282,0.1408097614871902,3
tats,C1_original,Environment,192,0.30190672145949465,0.042000592278669875,0.13911777808598702,3
tats,C8_oracle,Environment,192,0.30202189419004655,0.04198274640873036,0.1390056390491771,3
mmtsflib,C1_original,Energy,36,0.38684659202893573,0.05372299510037081,0.1388741589233191,3
tats,C3_shuffled,Environment,192,0.30221500992774963,0.04195425812470019,0.13882254933244437,3
tats,C6_unimodal,SocialGood,6,0.9724524087376065,0.13480418435063118,0.13862291166066198,3
tats,C4_crossdomain,Environment,192,0.30245568686061436,0.04192121710207418,0.13860283976539486,3
tats,C6_unimodal,Environment,48,0.3399115237924788,0.047053370262568284,0.13842828786027003,3
mmtsflib,C3_shuffled,Energy,36,0.38600300086869127,0.05316282901789654,0.13772646559289634,3
tats,C6_unimodal,SocialGood,12,1.168168028195699,0.1588863781744546,0.13601329118711075,3
mmtsflib,C8_oracle,SocialGood,12,1.1103539400630529,0.1509660714920754,0.1359621162631283,3
mmtsflib,C1_original,SocialGood,6,0.9207854072252909,0.12477584595551701,0.13551023395507372,3
mmtsflib,C4_crossdomain,SocialGood,12,1.1105862061182659,0.14841926308384548,0.13364047047063754,3
mmtsflib,C6_unimodal,Environment,336,0.4963989059130351,0.066060764273929,0.13307999571921356,3
tats,C6_unimodal,SocialGood,8,1.0578146709336176,0.14054535579613345,0.1328638746067772,3
mmtsflib,C3_shuffled,SocialGood,12,1.111523495780097,0.14767972132351426,0.13286243780197257,3
mmtsflib,C3_shuffled,SocialGood,10,1.0751148594750297,0.14252466477670625,0.1325669192650727,3
mmtsflib,C9_zero_priors,Climate,12,1.2420285675260756,0.16451773248442583,0.1324588957016658,3
tats,C4_crossdomain,Traffic,8,0.17739159862200418,0.02338757185157584,0.13184148535360668,3
mmtsflib,C8_oracle,SocialGood,10,1.0774675673908658,0.14150602607549206,0.13133205152351363,3
tats,C1_original,Energy,36,0.41892560654216343,0.05453824065430303,0.1301859800465884,3
tats,C3_shuffled,Energy,36,0.41887007157007855,0.05452526913074699,0.1301722725769504,3
mmtsflib,C6_unimodal,SocialGood,10,1.1071103281444972,0.14410325340157873,0.1301616015479631,3
tats,C8_oracle,Energy,36,0.4187272886435191,0.054491404445355246,0.13013578508790757,3
tats,C4_crossdomain,Energy,36,0.4185432957278357,0.054449226488979686,0.13009221995610734,3
mmtsflib,C1_original,SocialGood,12,1.1156509915987651,0.1449444944609095,0.12991920910068766,3
mmtsflib,C6_unimodal,Environment,96,0.5143651564915975,0.06644930623328328,0.12918702869868437,3
mmtsflib,C4_crossdomain,SocialGood,6,0.9256678488519458,0.11921906258958254,0.1287924850554584,3
mmtsflib,C5_constant,Climate,10,1.29379849963718,0.16588967106245317,0.12821909370661166,3
tats,C6_unimodal,Energy,36,0.38873580429289073,0.049550611617396496,0.12746603495278475,3
mmtsflib,C2_empty,Climate,10,1.2941400872336495,0.16477630068493937,0.12732493360681282,3
tats,C8_oracle,SocialGood,12,1.0758408771620858,0.13295895076527492,0.12358607447227847,3
tats,C4_crossdomain,SocialGood,12,1.0760898854997425,0.13262901394054688,0.12325086940014605,3
mmtsflib,C6_unimodal,Health,36,1.7771133846706813,0.21886049279730346,0.12315505284310305,3
mmtsflib,C2_empty,Energy,48,0.5483851763937209,0.06742184123536787,0.1229461410294603,3
tats,C3_shuffled,SocialGood,12,1.076360755496555,0.13227024042986255,0.12288653200556593,3
tats,C1_original,SocialGood,12,1.0764151944054499,0.132197945173642,0.12281315412558867,3
tats,C3_shuffled,Traffic,8,0.17857074903117284,0.021899889920322477,0.122639850250611,3
tats,C1_original,Traffic,8,0.17858079406950209,0.021887360315236155,0.12256278974052374,3
tats,C3_shuffled,Environment,336,0.28527836170461446,0.03494626774238114,0.12249883774418728,3
tats,C1_original,Environment,336,0.2852907760275735,0.03494182095033226,0.12247792037606962,3
tats,C8_oracle,Traffic,8,0.178597511516677,0.021866426132539158,0.122434103066981,3
tats,C8_oracle,Environment,336,0.28531959156195325,0.034931509739061006,0.12242941169175237,3
tats,C4_crossdomain,Environment,336,0.28534989058971405,0.03492072245314951,0.12237860817462073,3
mmtsflib,C5_constant,Energy,48,0.5487011505497826,0.06704272400151765,0.12218440572676544,3
mmtsflib,C4_crossdomain,SocialGood,10,1.0737805830107794,0.130707205039787,0.12172617675139584,3
mmtsflib,C9_zero_priors,Climate,8,1.2651812765333388,0.15389063333058225,0.12163524404364442,3
mmtsflib,C5_constant,Climate,6,1.217606239848667,0.14742872598770354,0.12108079045819203,3
mmtsflib,C2_empty,Climate,6,1.2177802854114108,0.1473398650788496,0.1209905159772502,3
mmtsflib,C1_original,SocialGood,10,1.066488848792182,0.12881942643981767,0.120788348219213,3
mmtsflib,C9_zero_priors,Energy,48,0.5507819851239523,0.06635793185062663,0.12047948851430376,3
mmtsflib,C9_zero_priors,Climate,6,1.219089388847351,0.14679954139693535,0.1204173727865307,3
mmtsflib,C2_empty,Climate,8,1.2676555845472548,0.15217945553143078,0.12004795102589472,3
tats,C4_crossdomain,SocialGood,6,0.9807270699077183,0.11702094750641635,0.11932060518878862,3
mmtsflib,C5_constant,Climate,8,1.2685415744781494,0.1511797332353428,0.11917601778052477,3
tats,C8_oracle,SocialGood,6,0.9808777901861404,0.11681484941636722,0.11909215458349745,3
tats,C1_original,SocialGood,6,0.9809483091036478,0.11671837151050776,0.11898524155381891,3
tats,C3_shuffled,SocialGood,6,0.9814819892247518,0.11598891082150992,0.1181773197011253,3
mmtsflib,C9_zero_priors,Climate,10,1.3059668408499823,0.15414046788323854,0.11802785726390798,3
mmtsflib,C2_empty,Energy,24,0.3637481994099087,0.04283009424156217,0.11774654640502244,3
tats,C3_shuffled,Traffic,10,0.17824784749084047,0.02079973653495126,0.11668997313429036,3
mmtsflib,C1_original,Health,36,1.6943341493606567,0.19755270421543497,0.11659607066881104,3
tats,C8_oracle,Traffic,10,0.17827209002441832,0.020767655598544967,0.11649415001361332,3
tats,C1_original,Traffic,10,0.17828284038437736,0.020753344184439682,0.11640685182990984,3
tats,C4_crossdomain,Traffic,10,0.17828516827689278,0.02075035164596316,0.1163885467675921,3
mmtsflib,C3_shuffled,Environment,336,0.47407511207792496,0.05485234933375922,0.11570392103760764,3
mmtsflib,C4_crossdomain,Environment,336,0.4742677112420399,0.0548442854731356,0.11563993114670655,3
mmtsflib,C2_empty,Health,24,1.70118514696757,0.19659853149145728,0.1155656289627863,3
mmtsflib,C3_shuffled,Health,36,1.6960898770226371,0.1957775467596205,0.11542875729162054,3
mmtsflib,C5_constant,Health,24,1.7019226683510673,0.1960885381459252,0.11521589188062725,3
mmtsflib,C5_constant,Energy,24,0.3657037549548679,0.041980105578433353,0.11479265665077512,3
tats,C4_crossdomain,Health,24,1.328220076031155,0.1518279425813763,0.11430932668556877,3
tats,C8_oracle,Health,24,1.3282601833343506,0.15178959291445804,0.11427700296896534,3
mmtsflib,C5_constant,Climate,12,1.2642389138539631,0.14444267306231565,0.11425267129453409,3
tats,C3_shuffled,Health,24,1.3283094829983182,0.15174246949558187,0.11423728539004491,3
tats,C1_original,Health,24,1.3283285432391698,0.15172414288737607,0.11422184945103422,3
tats,C1_original,SocialGood,8,1.0084860854678686,0.1138466573851528,0.11288867444545429,3
tats,C3_shuffled,SocialGood,8,1.0085310075018141,0.11378771022050244,0.11282519761326996,3
tats,C4_crossdomain,Health,36,1.3915368848376806,0.15675498028065488,0.11264881440705754,3
tats,C8_oracle,Health,36,1.3916976186964247,0.15653693761420384,0.11247913017256497,3
tats,C3_shuffled,Health,36,1.3917486402723525,0.15646773008170226,0.11242527964753962,3
tats,C4_crossdomain,SocialGood,8,1.0088563428984747,0.11335493191508039,0.1123598346910406,3
tats,C8_oracle,SocialGood,8,1.0088604357507494,0.11334948875757253,0.11235398350538234,3
tats,C1_original,Traffic,12,0.22509214778741202,0.025252639597540212,0.11218800764827228,3
tats,C3_shuffled,Traffic,12,0.22509911325242782,0.025243181650275462,0.11214251929090263,3
mmtsflib,C8_oracle,Environment,336,0.47554288638962644,0.053327933935755335,0.11214116636383069,3
tats,C1_original,Health,36,1.3925874895519679,0.15532984501870592,0.11154045701550833,3
mmtsflib,C8_oracle,Health,36,1.6880098978678386,0.18806564784724014,0.11141264520118625,3
mmtsflib,C2_empty,Climate,12,1.2683812247382271,0.14127877818546852,0.11138510680385239,3
mmtsflib,C3_shuffled,SocialGood,6,0.934490376048618,0.1032121935742671,0.1104475725161426,3
mmtsflib,C6_unimodal,Health,24,1.5962058703104656,0.17596303302856628,0.11023830716418871,3
mmtsflib,C3_shuffled,Environment,96,0.48207043276892764,0.05281656485508777,0.10956192552967567,3
mmtsflib,C4_crossdomain,Environment,96,0.4843461281723447,0.05305125308896461,0.10953169645259847,3
mmtsflib,C9_zero_priors,Health,24,1.6921480629179213,0.18477075755405553,0.1091930201636368,3
mmtsflib,C4_crossdomain,Health,36,1.6937860250473022,0.18465378733717777,0.10901836749539894,3
mmtsflib,C1_original,Health,24,1.5370571878221302,0.16724684210803256,0.1088097719675649,3
mmtsflib,C8_oracle,Environment,96,0.48869770103030735,0.052970646297459775,0.10839143745874655,3
tats,C1_original,Energy,48,0.50405200653606,0.05333168174338996,0.10580591100092089,3
tats,C8_oracle,Energy,48,0.5040594802962409,0.05333134579195501,0.10580367571027854,3
tats,C4_crossdomain,Energy,48,0.5040670699543424,0.053330985458006616,0.10580136778789627,3
tats,C3_shuffled,Energy,48,0.5040743417210048,0.05333068994568385,0.10579925525191942,3
mmtsflib,C1_original,Environment,336,0.47126484579510164,0.04984643056243775,0.10577158684165926,3
tats,C4_crossdomain,Traffic,12,0.2262081785334481,0.023739995793949642,0.10494755736888331,3
tats,C8_oracle,Traffic,12,0.22623499234517416,0.023703758065426156,0.10477494139925336,3
tats,C6_unimodal,Energy,48,0.4879332681496938,0.05095262372980515,0.10442539391303263,3
tats,C3_shuffled,Traffic,6,0.17417382366127435,0.0180331216281691,0.10353519977398629,3
tats,C4_crossdomain,Traffic,6,0.17424180110295615,0.017957026610060996,0.10305808650044046,3
mmtsflib,C1_original,Environment,96,0.4856042332119412,0.04995398359404145,0.1028697449024072,3
mmtsflib,C6_unimodal,Climate,6,1.230795979499817,0.12642774780109406,0.10272031263253965,3
tats,C1_original,Traffic,6,0.17430178655518425,0.017889957422618858,0.1026378316378006,3
tats,C6_unimodal,Health,36,1.8128347396850586,0.18529631041657232,0.10221356991910008,3
tats,C8_oracle,Traffic,6,0.1743739263878928,0.017809677891405834,0.10213498233553799,3
mmtsflib,C9_zero_priors,Health,48,1.9658281670676336,0.20018975258270202,0.10183481747609661,3
tats,C6_unimodal,SocialGood,10,1.1079394751124914,0.11065713637221039,0.09987651749746992,3
mmtsflib,C6_unimodal,Climate,8,1.246472133530511,0.12367625324058364,0.09922103343801413,3
tats,C6_unimodal,Health,48,1.8811013566123116,0.1847696391746946,0.09822418049150075,3
mmtsflib,C2_empty,Environment,192,0.48822450306680465,0.04795377588857056,0.09822074801110292,3
mmtsflib,C5_constant,Environment,192,0.4883106019761827,0.0478988308341038,0.09809090902441651,3
tats,C8_oracle,SocialGood,10,1.0497710373666551,0.10156927510454435,0.09675374104369493,3
tats,C4_crossdomain,SocialGood,10,1.049974607096778,0.10129006582687418,0.09646906233946485,3
tats,C1_original,SocialGood,10,1.0500380529297721,0.10120408013819132,0.09638134528155046,3
tats,C3_shuffled,SocialGood,10,1.050426767932044,0.10067007245079426,0.09583730682052362,3
mmtsflib,C3_shuffled,Health,24,1.5517266591389973,0.14783141883276754,0.09526898179012687,3
mmtsflib,C6_unimodal,Energy,48,0.47720156113306683,0.04527006563382467,0.09486571151681793,3
mmtsflib,C9_zero_priors,Environment,192,0.4897657599714067,0.046133942470425314,0.09419593250683488,3
mmtsflib,C2_empty,Health,48,1.956212904718187,0.1842188680118411,0.09417117511469425,3
mmtsflib,C4_crossdomain,Health,24,1.546000493897332,0.14556217064195995,0.09415402596347848,3
tats,C6_unimodal,Climate,6,1.2483289241790771,0.11692912217171827,0.09366851949586356,3
mmtsflib,C5_constant,Health,48,1.9584664636188085,0.18179371409151535,0.09282452238451976,3
mmtsflib,C9_zero_priors,Energy,24,0.3711591594749027,0.03426855691637552,0.09232846891036436,3
tats,C8_oracle,Health,48,1.460054384337531,0.13293397081440866,0.09104727347175129,3
tats,C1_original,Health,48,1.460494041442871,0.13232432689073684,0.0906024421434881,3
tats,C3_shuffled,Health,48,1.4605191813574896,0.13228967613832343,0.09057715764839588,3
tats,C4_crossdomain,Health,48,1.4605881770451863,0.13219404628199802,0.09050740541350304,3
mmtsflib,C4_crossdomain,Health,48,1.8146087858412001,0.16312736551098445,0.08989671315592321,3
tats,C6_unimodal,Climate,12,1.2494864993625219,0.11007732988219295,0.08809805463152545,3
tats,C6_unimodal,Climate,8,1.2642266220516631,0.10776935585258507,0.08524528274660952,3
mmtsflib,C8_oracle,Health,48,1.8267298009660509,0.15569538197073365,0.08523175233052828,3
mmtsflib,C3_shuffled,Energy,48,0.4763522280587091,0.04053951695660243,0.08510407754743628,3
mmtsflib,C1_original,Energy,48,0.475311021010081,0.04000196681890723,0.08415956089951218,3
mmtsflib,C8_oracle,Energy,48,0.4765127731694116,0.039372794651009686,0.08262694489621104,3
mmtsflib,C6_unimodal,Health,48,1.9191923009024725,0.1576586929481399,0.08214846051331237,3
mmtsflib,C8_oracle,Health,24,1.554504116376241,0.12741954904126784,0.08196797145722587,3
mmtsflib,C4_crossdomain,Energy,48,0.4763461881213718,0.03856766075462452,0.08096561222989691,3
mmtsflib,C5_constant,Environment,96,0.48096844553947443,0.03870315276249729,0.08046921398156631,3
tats,C6_unimodal,Security,6,116.84912448459202,9.34594239060978,0.07998299030338182,3
mmtsflib,C2_empty,Security,6,117.14362335205078,9.318888083992155,0.07955096331608402,3
mmtsflib,C5_constant,Security,6,117.12771097819011,9.30187413059358,0.07941651085732944,3
mmtsflib,C3_shuffled,Health,48,1.8298072550031872,0.14492874757428156,0.07920437913775193,3
mmtsflib,C9_zero_priors,Security,6,117.20910474989148,9.226276155642363,0.07871637766818541,3
mmtsflib,C2_empty,Environment,336,0.46962383720609874,0.03696034689899014,0.07870202483518687,3
tats,C1_original,Environment,96,0.29764272107018364,0.02336762252456684,0.07850896685982384,3
mmtsflib,C2_empty,Environment,96,0.47930075724919635,0.03760445466980806,0.0784569064435191,3
mmtsflib,C5_constant,Environment,336,0.46921196911070084,0.03678697849880574,0.07840161999389793,3
mmtsflib,C1_original,Health,48,1.8324278857972889,0.14306928651542758,0.07807635303103792,3
mmtsflib,C4_crossdomain,Security,6,115.86990102132161,9.015064763733898,0.0778033353292932,3
tats,C8_oracle,Environment,96,0.2969312138027615,0.023081263755923905,0.07773269593427044,3
mmtsflib,C3_shuffled,Security,6,115.82120005289714,8.94596174008333,0.07723941502935201,3
tats,C4_crossdomain,Environment,96,0.2960374289088779,0.022779456039606256,0.07694789177019204,3
tats,C3_shuffled,Environment,96,0.29599379168616397,0.0227664153101198,0.07691517845840008,3
mmtsflib,C1_original,Security,6,115.75479380289714,8.873486361307904,0.07665761451242649,3
mmtsflib,C8_oracle,Security,6,115.2687267727322,8.830670513433729,0.07660942183255467,3
mmtsflib,C9_zero_priors,Environment,336,0.4686044686370425,0.03589876444559513,0.07660781500869662,3
tats,C9_zero_priors,Security,6,124.40983666314018,9.452057391689587,0.07597516117059591,3
tats,C2_empty,Security,6,124.40983666314018,9.452057391689587,0.07597516117059591,3
tats,C5_constant,Security,6,124.39579857720268,9.444937530524806,0.07592649943609692,3
mmtsflib,C6_unimodal,Security,6,117.59002176920573,8.726395734082345,0.07421034202382977,3
mmtsflib,C6_unimodal,Environment,48,0.46596279078059727,0.03437735484104697,0.07377703868469157,3
mmtsflib,C9_zero_priors,Environment,96,0.47914297713173765,0.03511127862195268,0.07327933476587101,3
mmtsflib,C3_shuffled,Security,10,120.22460005018446,8.770636035827051,0.0729520916032658,3
mmtsflib,C1_original,Security,10,120.17720709906683,8.729560830891577,0.07263907226347384,3
tats,C6_unimodal,Security,12,122.96870507134332,8.92598226319251,0.07258742993198052,3
mmtsflib,C2_empty,Security,10,121.92961968315971,8.828799342725663,0.07240897958730409,3
mmtsflib,C4_crossdomain,Security,10,120.22886064317491,8.69538575888646,0.07232361441645313,3
mmtsflib,C9_zero_priors,Security,10,122.08135986328125,8.80142753265547,0.07209476977084935,3
mmtsflib,C5_constant,Security,10,121.90314568413629,8.777101055099706,0.07200061168103149,3
mmtsflib,C9_zero_priors,Energy,36,0.4557181265619066,0.03259576128422332,0.07152614606343814,3
mmtsflib,C9_zero_priors,Security,8,120.25757598876953,8.597601547619107,0.07149322175279842,3
mmtsflib,C8_oracle,Security,10,120.20102183024089,8.577488725714316,0.07135953251569065,3
mmtsflib,C8_oracle,Security,8,118.49304877387152,8.395968956695468,0.07085621514151498,3
mmtsflib,C5_constant,Security,8,120.47775607638887,8.497668094798652,0.07053308736436549,3
mmtsflib,C2_empty,Security,8,120.40718502468532,8.41977231106004,0.06992749070027555,3
mmtsflib,C4_crossdomain,Security,8,117.89468892415364,8.228153880699708,0.06979240503355674,3
tats,C6_unimodal,Climate,10,1.23767884572347,0.0863633330662035,0.06977846746319792,3
mmtsflib,C3_shuffled,Security,8,118.0823237101237,8.23290397986358,0.06972173074840785,3
mmtsflib,C5_constant,Environment,48,0.4579896363947127,0.03187952824867033,0.06960753195121507,3
tats,C6_unimodal,Security,8,119.17282443576387,8.257124327438124,0.06928697349024274,3
mmtsflib,C6_unimodal,Climate,12,1.2590111361609564,0.08714131490035891,0.06921409382134207,3
mmtsflib,C1_original,Security,8,118.06214735243054,8.17119415320701,0.0692109565720074,3
mmtsflib,C5_constant,Security,12,122.90377129448785,8.479168372676906,0.06899030260316504,3
mmtsflib,C3_shuffled,Security,12,120.91747707790798,8.336578847390912,0.06894436642950792,3
mmtsflib,C2_empty,Security,12,122.89076911078558,8.464081524327192,0.06887483564120958,3
mmtsflib,C3_shuffled,Environment,48,0.45328791936238605,0.031097814244420006,0.06860499235930113,3
mmtsflib,C1_original,Security,12,120.9235127766927,8.28973717532896,0.06855355906371552,3
mmtsflib,C4_crossdomain,Security,12,120.96949259440105,8.285091109868754,0.06848909532627254,3
mmtsflib,C8_oracle,Security,12,121.04749637179906,8.263695533105631,0.06826820695013448,3
mmtsflib,C6_unimodal,Security,10,121.6521004570855,8.292114365963403,0.06816252522403889,3
mmtsflib,C9_zero_priors,Security,12,122.79738277859157,8.323660884119514,0.06778369942238424,3
tats,C9_zero_priors,Security,8,126.09197319878471,8.393715762902973,0.06656820057586245,3
tats,C2_empty,Security,8,126.09197319878471,8.393715762902973,0.06656820057586245,3
tats,C5_constant,Security,8,126.08947075737848,8.392367097613663,0.06655882562757573,3
mmtsflib,C6_unimodal,Security,8,120.01607428656683,7.854567534335168,0.06544596280978601,3
mmtsflib,C1_original,Environment,48,0.4511795474423303,0.02936852255110583,0.06509276122464241,3
tats,C4_crossdomain,Security,6,113.22820112440321,7.360651375798627,0.06500722702210485,3
tats,C3_shuffled,Security,6,113.22701432969835,7.359320412198488,0.06499615357488243,3
tats,C1_original,Security,6,113.22219933403863,7.353863331593068,0.06495071968966985,3
tats,C8_oracle,Security,6,113.22140757242839,7.353034482457095,0.06494385328810999,3
mmtsflib,C9_zero_priors,Environment,48,0.4554555581675635,0.02946375034314752,0.06469072517566625,3
mmtsflib,C1_original,Climate,6,1.1281151904000177,0.07260896607464687,0.06436307807263945,3
mmtsflib,C4_crossdomain,Environment,48,0.45106710990269977,0.02897226850787926,0.06423050555410457,3
mmtsflib,C6_unimodal,Security,12,122.83382246229382,7.880643461350688,0.06415695045043315,3
tats,C6_unimodal,Security,10,121.65245310465495,7.695257289414911,0.06325607986544134,3
mmtsflib,C2_empty,Energy,36,0.46449849340650773,0.028691019869540486,0.06176773504501214,3
mmtsflib,C4_crossdomain,Climate,6,1.134018593364292,0.06959085023497544,0.06136658661699746,3
mmtsflib,C8_oracle,Environment,48,0.4489925702412923,0.027361201932061565,0.06093909731592536,3
mmtsflib,C2_empty,Environment,48,0.4537956880198584,0.02752217508485307,0.060648824595373144,3
mmtsflib,C3_shuffled,Climate,6,1.1346890264087255,0.06757267030280392,0.05955170864450012,3
tats,C3_shuffled,Security,8,114.5650346544054,6.746225205544861,0.05888555112731725,3
tats,C8_oracle,Security,8,114.56429036458333,6.745314883960823,0.05887798774378029,3
tats,C4_crossdomain,Security,8,114.562861972385,6.743567970490176,0.058863473331485824,3
tats,C1_original,Security,8,114.55752054850261,6.737029572142247,0.058809142689936714,3
mmtsflib,C4_crossdomain,Climate,8,1.1588026020261977,0.06742313346833846,0.05818345018422231,3
mmtsflib,C1_original,Climate,8,1.159549077351888,0.06614257366703558,0.05704163364787303,3
mmtsflib,C5_constant,Energy,36,0.4600600798924764,0.026125729825332136,0.05678764789033239,3
mmtsflib,C6_unimodal,Climate,10,1.2598487668567233,0.0704111645628901,0.05588858473748669,3
tats,C4_crossdomain,Security,10,116.76799180772569,6.422113855628254,0.05499892355948995,3
tats,C3_shuffled,Security,10,116.76781378851996,6.421909732555115,0.05499725929771998,3
tats,C1_original,Security,10,116.76691182454427,6.420865360152185,0.0549887400447849,3
tats,C8_oracle,Security,10,116.76535034179688,6.419085405340952,0.05497423153830251,3
tats,C4_crossdomain,Security,12,116.58270009358723,6.308379996890172,0.054110772797559964,3
tats,C3_shuffled,Security,12,116.58089870876735,6.306052270200566,0.054091642284846496,3
tats,C1_original,Security,12,116.5802273220486,6.3052042918109725,0.05408468002376661,3
tats,C8_oracle,Security,12,116.5799577501085,6.304836442900429,0.0540816497499079,3
mmtsflib,C8_oracle,Climate,6,1.1440902418560452,0.061395628093522045,0.05366327396859935,3
tats,C5_constant,Security,10,126.19549051920573,6.526856636319122,0.051720204972980376,3
tats,C2_empty,Security,10,126.19510057237414,6.526563992107493,0.05171804580768525,3
tats,C9_zero_priors,Security,10,126.19408501519098,6.525789545583475,0.051712325064981565,3
tats,C5_constant,Security,12,126.81263309054903,6.370959738471122,0.05023915664555293,3
tats,C9_zero_priors,Security,12,126.81224992540149,6.3705768735188135,0.050236289295918696,3
mmtsflib,C3_shuffled,Climate,8,1.1660767793655396,0.05857254725213308,0.050230437899640115,3
tats,C2_empty,Security,12,126.81056806776257,6.369004636713996,0.05022455725701545,3
mmtsflib,C8_oracle,Climate,8,1.1686142683029175,0.056412827912821824,0.0482732664172803,3
mmtsflib,C4_crossdomain,Climate,12,1.1706882450315685,0.04042190492968456,0.03452832562489303,3
mmtsflib,C8_oracle,Climate,12,1.1687477297253077,0.040307966648426244,0.034488166798749526,3
mmtsflib,C3_shuffled,Climate,12,1.1700213617748683,0.039415476545347855,0.03368782642186669,3
mmtsflib,C3_shuffled,Climate,10,1.1604253583484225,0.03371017496408795,0.029049843422989323,3
mmtsflib,C1_original,Climate,12,1.1841425100962322,0.03065173685206253,0.025885175636141587,3
tats,C4_crossdomain,Climate,10,0.9820093181398181,0.0247685179360212,0.025222284023678345,3
tats,C8_oracle,Climate,10,0.9820570680830213,0.024728779238504143,0.02518059290258437,3
tats,C3_shuffled,Climate,10,0.9821051690313553,0.0246885744336182,0.02513842225061131,3
tats,C1_original,Climate,10,0.9824910428788928,0.024372605604128426,0.02480694941778999,3
tats,C4_crossdomain,Climate,12,0.9806797901789347,0.024141105243557108,0.024616705152200928,3
tats,C3_shuffled,Climate,12,0.9809562100304499,0.023804077764777172,0.024266198145621882,3
tats,C1_original,Climate,12,0.9809870786137052,0.023766547091474313,0.024227176493558225,3
tats,C8_oracle,Climate,12,0.9812094039387174,0.023496896740975038,0.02394687275382306,3
mmtsflib,C8_oracle,Climate,10,1.168990174929301,0.027707989713431535,0.02370250007884564,3
mmtsflib,C1_original,Climate,10,1.1787242227130468,0.027928498444270578,0.023693836018732265,3
tats,C1_original,Climate,8,0.9651267660988703,0.021948913580215074,0.022742000689644708,3
tats,C3_shuffled,Climate,8,0.965235557821062,0.021843227926895213,0.022629945353654875,3
tats,C8_oracle,Climate,8,0.9652886059549121,0.021791648621806374,0.022575267632263182,3
tats,C4_crossdomain,Climate,8,0.9654982686042786,0.021589509613125175,0.022361002929953366,3
mmtsflib,C4_crossdomain,Climate,10,1.1819951401816473,0.026371213486674185,0.02231076303970378,3
tats,C8_oracle,Environment,48,0.2758242189884186,0.005527293959257887,0.020039190102773278,3
tats,C3_shuffled,Environment,48,0.2754924926492903,0.0053445618482655605,0.019400027190829252,3
tats,C1_original,Environment,48,0.27526538239585036,0.005240073935546195,0.01903644363100701,3
tats,C4_crossdomain,Environment,48,0.27472041712866885,0.0050640877906789825,0.01843360549466242,3
tats,C4_crossdomain,Climate,6,0.9400406347380744,0.009688927453669534,0.010306924079265128,3
tats,C3_shuffled,Climate,6,0.9401496648788452,0.009654535288202122,0.010269147188864104,3
tats,C8_oracle,Climate,6,0.940393282307519,0.009586316112658666,0.010193943632961678,3
tats,C1_original,Climate,6,0.9404688941107856,0.009568231650074161,0.010173894862435546,3
