model,condition,domain,pred_len,mse_mean,mse_std,n_seeds
aurora,C1_original,Agriculture,6,0.18121560911337534,0.0034351433619359997,3
aurora,C1_original,Agriculture,8,0.23912363251050314,0.0016404838387323098,3
aurora,C1_original,Agriculture,10,0.30755509932835895,0.007586658013258023,3
aurora,C1_original,Agriculture,12,0.372310866912206,0.007816465439184763,3
aurora,C1_original,Climate,6,0.8580197691917419,0.004846989558760085,3
aurora,C1_original,Climate,8,0.8628936012585958,0.0020500940032611393,3
aurora,C1_original,Climate,10,0.865082303682963,0.0010324832052350246,3
aurora,C1_original,Climate,12,0.8732882936795553,0.0007717161260530016,3
aurora,C1_original,Economy,6,0.03598412747184435,0.0018821101100535925,3
aurora,C1_original,Economy,8,0.03349086890618006,0.0009088040007885938,3
aurora,C1_original,Economy,10,0.031133659804860752,0.0007583139420827652,3
aurora,C1_original,Economy,12,0.03232485925157865,0.0006060564808942935,3
aurora,C1_original,Energy,12,0.11931762595971425,0.0015206517153176623,3
aurora,C1_original,Energy,24,0.22513354321320853,0.0016722456549633155,3
aurora,C1_original,Energy,36,0.2912211815516154,0.0003825832371640033,3
aurora,C1_original,Energy,48,0.3836613595485687,0.0018893297514228189,3
aurora,C1_original,Environment,48,0.2804386417071025,0.00017321824134185023,3
aurora,C1_original,Environment,96,0.2844359676043193,9.686929069149554e-05,3
aurora,C1_original,Environment,192,0.27029024561246234,3.811819945933036e-05,3
aurora,C1_original,Environment,336,0.26904967427253723,4.987491442799101e-05,3
aurora,C1_original,Health,12,1.0923165877660115,0.0031301103126516057,3
aurora,C1_original,Health,24,1.5687598784764607,0.0011344481269868008,3
aurora,C1_original,Health,36,1.690741777420044,0.005252884628996366,3
aurora,C1_original,Health,48,1.8583023150761921,0.0028920691098465743,3
aurora,C1_original,Security,6,67.40186818440755,0.09655061518378294,3
aurora,C1_original,Security,8,70.76546223958333,0.3282095959663713,3
aurora,C1_original,Security,10,74.94325256347656,0.9703859683525122,3
aurora,C1_original,Security,12,77.77908833821614,0.13299099464996167,3
aurora,C1_original,SocialGood,6,0.7042396267255148,0.002204241431764316,3
aurora,C1_original,SocialGood,8,0.8034006158510844,0.004574605218204493,3
aurora,C1_original,SocialGood,10,0.8834358056386312,0.0022123135191278293,3
aurora,C1_original,SocialGood,12,0.9523283640543619,0.004309268812359339,3
aurora,C1_original,Traffic,6,0.15452562272548676,0.0007042843545997095,3
aurora,C1_original,Traffic,8,0.1586067130168279,0.0007111278396833759,3
aurora,C1_original,Traffic,10,0.1628633439540863,0.00089540379136224,3
aurora,C1_original,Traffic,12,0.1684862126906713,0.00030132509636146375,3
aurora,C2_empty,Agriculture,6,0.1816787471373876,0.003568625261957488,3
aurora,C2_empty,Agriculture,8,0.23938306172688803,0.001592602419841364,3
aurora,C2_empty,Agriculture,10,0.307775616645813,0.00772353571575207,3
aurora,C2_empty,Agriculture,12,0.3723057607809703,0.007718135970303974,3
aurora,C2_empty,Climate,6,0.8581080039342245,0.004843110018913834,3
aurora,C2_empty,Climate,8,0.8629759947458903,0.002044318196902242,3
aurora,C2_empty,Climate,10,0.8651716311772665,0.0010270235448855902,3
aurora,C2_empty,Climate,12,0.87337593237559,0.0007710115881702258,3
aurora,C2_empty,Economy,6,0.034580279141664505,0.0019272597847148764,3
aurora,C2_empty,Economy,8,0.0322396115710338,0.0010380273582005972,3
aurora,C2_empty,Economy,10,0.030023686587810516,0.00078054154360867,3
aurora,C2_empty,Economy,12,0.03147879056632519,0.0006265637536976762,3
aurora,C2_empty,Energy,12,0.11775481204191844,0.0014342223779838716,3
aurora,C2_empty,Energy,24,0.22598177194595337,0.0016510079281645384,3
aurora,C2_empty,Energy,36,0.2931414445241292,0.00040926002768506756,3
aurora,C2_empty,Energy,48,0.3860747814178467,0.0018190771723116958,3
aurora,C2_empty,Environment,48,0.2803759276866913,0.00017236617528240786,3
aurora,C2_empty,Environment,96,0.28431851665178937,9.519071398515934e-05,3
aurora,C2_empty,Environment,192,0.27016523480415344,3.6795224646969446e-05,3
aurora,C2_empty,Environment,336,0.26888906955718994,5.153211076418728e-05,3
aurora,C2_empty,Health,12,1.0933568874994914,0.0031039891084193717,3
aurora,C2_empty,Health,24,1.5685296456019084,0.0011512158444844341,3
aurora,C2_empty,Health,36,1.687238057454427,0.005224562816134685,3
aurora,C2_empty,Health,48,1.8549913167953491,0.0028927960412834203,3
aurora,C2_empty,Security,6,67.39337921142578,0.10116230453833638,3
aurora,C2_empty,Security,8,70.7722396850586,0.32974708329661595,3
aurora,C2_empty,Security,10,74.98025258382161,0.9794153321792566,3
aurora,C2_empty,Security,12,77.82483418782552,0.1312494935576318,3
aurora,C2_empty,SocialGood,6,0.7045055429140726,0.0021350477028572326,3
aurora,C2_empty,SocialGood,8,0.8034268816312155,0.004565309531958381,3
aurora,C2_empty,SocialGood,10,0.8830868005752563,0.0023101918829967396,3
aurora,C2_empty,SocialGood,12,0.9514676332473755,0.004392265719027283,3
aurora,C2_empty,Traffic,6,0.15411372979482016,0.0007142306898877631,3
aurora,C2_empty,Traffic,8,0.15824872752030691,0.0007165288789345986,3
aurora,C2_empty,Traffic,10,0.16258322695891061,0.00090355399005202,3
aurora,C2_empty,Traffic,12,0.16824685037136078,0.00030508280181150936,3
aurora,C3_shuffled,Agriculture,6,0.18134850760300955,0.0031973967945922747,3
aurora,C3_shuffled,Agriculture,8,0.23920096457004547,0.0021275339621748685,3
aurora,C3_shuffled,Agriculture,10,0.307609220345815,0.00785300175736776,3
aurora,C3_shuffled,Agriculture,12,0.37212616205215454,0.00746259893527646,3
aurora,C3_shuffled,Climate,6,0.8580838044484457,0.004839423867459095,3
aurora,C3_shuffled,Climate,8,0.86298934618632,0.002063759409210056,3
aurora,C3_shuffled,Climate,10,0.8651779095331827,0.001073452860317665,3
aurora,C3_shuffled,Climate,12,0.8733916878700256,0.0008252944845799586,3
aurora,C3_shuffled,Economy,6,0.03684377297759056,0.0022961860561850483,3
aurora,C3_shuffled,Economy,8,0.034271933138370514,0.0012003196855522222,3
aurora,C3_shuffled,Economy,10,0.03178655790785948,0.0010344361376491908,3
aurora,C3_shuffled,Economy,12,0.03297406559189161,0.00046561230646756716,3
aurora,C3_shuffled,Energy,12,0.11923070251941681,0.0016446747391340112,3
aurora,C3_shuffled,Energy,24,0.22524001200993857,0.0015121300891789023,3
aurora,C3_shuffled,Energy,36,0.2913355529308319,0.00021805215148397564,3
aurora,C3_shuffled,Energy,48,0.38359729448954266,0.0020605093891889565,3
aurora,C3_shuffled,Environment,48,0.28046239415804547,0.00016434632296735574,3
aurora,C3_shuffled,Environment,96,0.2844495077927907,9.285257942994968e-05,3
aurora,C3_shuffled,Environment,192,0.27029727896054584,3.941600598391989e-05,3
aurora,C3_shuffled,Environment,336,0.2690550486246745,4.935223495058998e-05,3
aurora,C3_shuffled,Health,12,1.09258238474528,0.003166359650691728,3
aurora,C3_shuffled,Health,24,1.56868843237559,0.0008470687356485964,3
aurora,C3_shuffled,Health,36,1.6904274225234985,0.006205958235115749,3
aurora,C3_shuffled,Health,48,1.8584431012471516,0.004268233019844907,3
aurora,C3_shuffled,Security,6,67.4068374633789,0.10043634214901098,3
aurora,C3_shuffled,Security,8,70.77062225341797,0.33249529858444243,3
aurora,C3_shuffled,Security,10,74.9461669921875,0.971892099460292,3
aurora,C3_shuffled,Security,12,77.77549997965495,0.13348514701354258,3
aurora,C3_shuffled,SocialGood,6,0.7034112215042114,0.002240444010197825,3
aurora,C3_shuffled,SocialGood,8,0.8028043905893961,0.005120334904076366,3
aurora,C3_shuffled,SocialGood,10,0.8828877806663513,0.003030543949210786,3
aurora,C3_shuffled,SocialGood,12,0.9517015814781189,0.004715554745599299,3
aurora,C3_shuffled,Traffic,6,0.15490488211313883,0.0007704959725891554,3
aurora,C3_shuffled,Traffic,8,0.15895125766595206,0.0009173514254293547,3
aurora,C3_shuffled,Traffic,10,0.16317380964756012,0.0010476245509668317,3
aurora,C3_shuffled,Traffic,12,0.1687419911225637,0.00016234649992105237,3
aurora,C4_crossdomain,Agriculture,6,0.18154840668042502,0.003495796806673183,3
aurora,C4_crossdomain,Agriculture,8,0.23944170276323953,0.0015676509588679046,3
aurora,C4_crossdomain,Agriculture,10,0.30773602922757465,0.0077226381959376415,3
aurora,C4_crossdomain,Agriculture,12,0.37250787019729614,0.007729188914360581,3
aurora,C4_crossdomain,Climate,6,0.8579664627710978,0.004845681148176374,3
aurora,C4_crossdomain,Climate,8,0.8630041082700094,0.0020568970746027574,3
aurora,C4_crossdomain,Climate,10,0.8653249144554138,0.0010254406421082048,3
aurora,C4_crossdomain,Climate,12,0.8735954364140829,0.0007723515507436179,3
aurora,C4_crossdomain,Economy,6,0.036302449802557625,0.0019224807540257974,3
aurora,C4_crossdomain,Economy,8,0.033734407275915146,0.0008623083656909393,3
aurora,C4_crossdomain,Economy,10,0.03136757450799147,0.000743930848938507,3
aurora,C4_crossdomain,Economy,12,0.032562486827373505,0.0006161170670051866,3
aurora,C4_crossdomain,Energy,12,0.11812504380941391,0.0014578360248854835,3
aurora,C4_crossdomain,Energy,24,0.22520101567109427,0.0016611162343312233,3
aurora,C4_crossdomain,Energy,36,0.29145283500353497,0.0004394399886415677,3
aurora,C4_crossdomain,Energy,48,0.3847258388996124,0.0017729161793094206,3
aurora,C4_crossdomain,Environment,48,0.28044193983078003,0.00017524313705250148,3
aurora,C4_crossdomain,Environment,96,0.2844415307044983,9.434792561475025e-05,3
aurora,C4_crossdomain,Environment,192,0.2702874739964803,4.0301229255773646e-05,3
aurora,C4_crossdomain,Environment,336,0.2690462072690328,5.1328946860768096e-05,3
aurora,C4_crossdomain,Health,12,1.0926261345545452,0.0031374675350340315,3
aurora,C4_crossdomain,Health,24,1.5685170491536458,0.0011114818024408526,3
aurora,C4_crossdomain,Health,36,1.6894091367721558,0.00531468855759812,3
aurora,C4_crossdomain,Health,48,1.8565643231074016,0.0028133002333376217,3
aurora,C4_crossdomain,Security,6,67.43832143147786,0.08990129810225377,3
aurora,C4_crossdomain,Security,8,70.77917226155598,0.3301764775264779,3
aurora,C4_crossdomain,Security,10,74.9078369140625,0.9550133424576778,3
aurora,C4_crossdomain,Security,12,77.7372817993164,0.13826106228533153,3
aurora,C4_crossdomain,SocialGood,6,0.7069279750188192,0.002143424299234885,3
aurora,C4_crossdomain,SocialGood,8,0.8063564499219259,0.004629371761666525,3
aurora,C4_crossdomain,SocialGood,10,0.8860539197921753,0.002338316611817519,3
aurora,C4_crossdomain,SocialGood,12,0.9546512961387634,0.00422630097870995,3
aurora,C4_crossdomain,Traffic,6,0.15396529932816824,0.0007077449237036398,3
aurora,C4_crossdomain,Traffic,8,0.15812073151270548,0.0007140102472069867,3
aurora,C4_crossdomain,Traffic,10,0.16255261500676474,0.0009078659986834336,3
aurora,C4_crossdomain,Traffic,12,0.1682336082061132,0.00029843218368096866,3
aurora,C5_constant,Agriculture,6,0.1830988973379135,0.003379813727234368,3
aurora,C5_constant,Agriculture,8,0.2411865790685018,0.0018295645062279791,3
aurora,C5_constant,Agriculture,10,0.3093076248963674,0.007412188662332427,3
aurora,C5_constant,Agriculture,12,0.3736766576766968,0.007930723651352703,3
aurora,C5_constant,Climate,6,0.8579957087834676,0.0048509308259186675,3
aurora,C5_constant,Climate,8,0.8631333708763123,0.0020632518164445486,3
aurora,C5_constant,Climate,10,0.8654661377271017,0.0010273508070949542,3
aurora,C5_constant,Climate,12,0.8737627466519674,0.0007703016715898645,3
aurora,C5_constant,Economy,6,0.03778361156582832,0.001837646219974019,3
aurora,C5_constant,Economy,8,0.03512360776464144,0.0007633862884102789,3
aurora,C5_constant,Economy,10,0.03255550066630045,0.0007973821006457474,3
aurora,C5_constant,Economy,12,0.03371934965252876,0.0005090900995347607,3
aurora,C5_constant,Energy,12,0.11943031847476959,0.0015322770450500345,3
aurora,C5_constant,Energy,24,0.22534514963626862,0.0016642958563527612,3
aurora,C5_constant,Energy,36,0.29154255986213684,0.0003449574196281802,3
aurora,C5_constant,Energy,48,0.38349438707033795,0.0017851857123412206,3
aurora,C5_constant,Environment,48,0.28055073817571,0.00017892178951708015,3
aurora,C5_constant,Environment,96,0.2846170465151469,9.716256117490314e-05,3
aurora,C5_constant,Environment,192,0.27045218149820965,4.1250465866825944e-05,3
aurora,C5_constant,Environment,336,0.26923465728759766,5.017001235668831e-05,3
aurora,C5_constant,Health,12,1.0942333936691284,0.003077379160545086,3
aurora,C5_constant,Health,24,1.5733409722646077,0.0010867647217736283,3
aurora,C5_constant,Health,36,1.6996031602223713,0.0052917433099284915,3
aurora,C5_constant,Health,48,1.8674157460530598,0.0031838717805157124,3
aurora,C5_constant,Security,6,67.5057856241862,0.08937261250632449,3
aurora,C5_constant,Security,8,70.80921173095703,0.3302214581277018,3
aurora,C5_constant,Security,10,74.90193684895833,0.9499695015995685,3
aurora,C5_constant,Security,12,77.68487803141277,0.13877405351480007,3
aurora,C5_constant,SocialGood,6,0.7121493816375732,0.0017008633371231531,3
aurora,C5_constant,SocialGood,8,0.8124099969863892,0.004534204155246246,3
aurora,C5_constant,SocialGood,10,0.8926453193028768,0.0025097102775666503,3
aurora,C5_constant,SocialGood,12,0.9611488978068033,0.0041005402190055764,3
aurora,C5_constant,Traffic,6,0.15653500457604727,0.0007005036495864201,3
aurora,C5_constant,Traffic,8,0.16047844787438711,0.0006975751953903332,3
aurora,C5_constant,Traffic,10,0.16446093221505484,0.0009180063340492914,3
aurora,C5_constant,Traffic,12,0.16979839404424033,0.00029326669966499763,3
aurora,C6_unimodal,Agriculture,6,0.18121560911337534,0.0034351433619359997,3
aurora,C6_unimodal,Agriculture,8,0.23912363251050314,0.0016404838387323098,3
aurora,C6_unimodal,Agriculture,10,0.30755509932835895,0.007586658013258023,3
aurora,C6_unimodal,Agriculture,12,0.372310866912206,0.007816465439184763,3
aurora,C6_unimodal,Climate,6,0.8580197691917419,0.004846989558760085,3
aurora,C6_unimodal,Climate,8,0.8628936012585958,0.0020500940032611393,3
aurora,C6_unimodal,Climate,10,0.865082303682963,0.0010324832052350246,3
aurora,C6_unimodal,Climate,12,0.8732882936795553,0.0007717161260530016,3
aurora,C6_unimodal,Economy,6,0.03598412747184435,0.0018821101100535925,3
aurora,C6_unimodal,Economy,8,0.03349086890618006,0.0009088040007885938,3
aurora,C6_unimodal,Economy,10,0.031133659804860752,0.0007583139420827652,3
aurora,C6_unimodal,Economy,12,0.03232485925157865,0.0006060564808942935,3
aurora,C6_unimodal,Energy,12,0.11931762595971425,0.0015206517153176623,3
aurora,C6_unimodal,Energy,24,0.22513354321320853,0.0016722456549633155,3
aurora,C6_unimodal,Energy,36,0.2912211815516154,0.0003825832371640033,3
aurora,C6_unimodal,Energy,48,0.3836613595485687,0.0018893297514228189,3
aurora,C6_unimodal,Environment,48,0.2804386417071025,0.00017321824134185023,3
aurora,C6_unimodal,Environment,96,0.2844359676043193,9.686929069149554e-05,3
aurora,C6_unimodal,Environment,192,0.27029024561246234,3.811819945933036e-05,3
aurora,C6_unimodal,Environment,336,0.26904967427253723,4.987491442799101e-05,3
aurora,C6_unimodal,Health,12,1.0923165877660115,0.0031301103126516057,3
aurora,C6_unimodal,Health,24,1.5687598784764607,0.0011344481269868008,3
aurora,C6_unimodal,Health,36,1.690741777420044,0.005252884628996366,3
aurora,C6_unimodal,Health,48,1.8583023150761921,0.0028920691098465743,3
aurora,C6_unimodal,Security,6,67.40186818440755,0.09655061518378294,3
aurora,C6_unimodal,Security,8,70.76546223958333,0.3282095959663713,3
aurora,C6_unimodal,Security,10,74.94325256347656,0.9703859683525122,3
aurora,C6_unimodal,Security,12,77.77908833821614,0.13299099464996167,3
aurora,C6_unimodal,SocialGood,6,0.7042396267255148,0.002204241431764316,3
aurora,C6_unimodal,SocialGood,8,0.8034006158510844,0.004574605218204493,3
aurora,C6_unimodal,SocialGood,10,0.8834358056386312,0.0022123135191278293,3
aurora,C6_unimodal,SocialGood,12,0.9523283640543619,0.004309268812359339,3
aurora,C6_unimodal,Traffic,6,0.15452562272548676,0.0007042843545997095,3
aurora,C6_unimodal,Traffic,8,0.1586067130168279,0.0007111278396833759,3
aurora,C6_unimodal,Traffic,10,0.1628633439540863,0.00089540379136224,3
aurora,C6_unimodal,Traffic,12,0.1684862126906713,0.00030132509636146375,3
aurora,C7_null,Agriculture,6,0.18145253757635751,0.0035119550285351757,3
aurora,C7_null,Agriculture,8,0.23922346532344818,0.0015965701394961853,3
aurora,C7_null,Agriculture,10,0.3076190749804179,0.007698105886636413,3
aurora,C7_null,Agriculture,12,0.3722591499487559,0.007755450429342953,3
aurora,C7_null,Climate,6,0.8580913543701172,0.0048432039062759604,3
aurora,C7_null,Climate,8,0.863025983174642,0.0020477971345255856,3
aurora,C7_null,Climate,10,0.8652432759602865,0.0010269747668131422,3
aurora,C7_null,Climate,12,0.8734646836916605,0.0007701183807960509,3
aurora,C7_null,Economy,6,0.035314331452051796,0.0019084352922133325,3
aurora,C7_null,Economy,8,0.03289268538355827,0.0009603291991001022,3
aurora,C7_null,Economy,10,0.030593618750572205,0.0007812073151436508,3
aurora,C7_null,Economy,12,0.03192826360464096,0.0006245532321231725,3
aurora,C7_null,Energy,12,0.11834982534249623,0.0014620823140114698,3
aurora,C7_null,Energy,24,0.22568914790948233,0.001644788183864228,3
aurora,C7_null,Energy,36,0.2923514246940613,0.0003791017782378292,3
aurora,C7_null,Energy,48,0.38525984684626263,0.00183269424057487,3
aurora,C7_null,Environment,48,0.2803932825724284,0.000171191513762951,3
aurora,C7_null,Environment,96,0.28434919317563373,9.529894242060257e-05,3
aurora,C7_null,Environment,192,0.27020716667175293,3.776617507520063e-05,3
aurora,C7_null,Environment,336,0.2689448893070221,5.167733873588428e-05,3
aurora,C7_null,Health,12,1.092513640721639,0.0031288402304640783,3
aurora,C7_null,Health,24,1.5685954491297405,0.0011351085411062092,3
aurora,C7_null,Health,36,1.6888508399327595,0.005239963719075089,3
aurora,C7_null,Health,48,1.8567481835683186,0.002887210243078175,3
aurora,C7_null,Security,6,67.4180679321289,0.09621233972547101,3
aurora,C7_null,Security,8,70.7840067545573,0.32965540360456524,3
aurora,C7_null,Security,10,74.96911112467448,0.9764962972711716,3
aurora,C7_null,Security,12,77.80355072021484,0.13274636883655658,3
aurora,C7_null,SocialGood,6,0.7046186129252116,0.002207307334612362,3
aurora,C7_null,SocialGood,8,0.8037500977516174,0.004598821049950883,3
aurora,C7_null,SocialGood,10,0.8836870193481445,0.0023702811321302066,3
aurora,C7_null,SocialGood,12,0.9523348410924276,0.0043025551402960695,3
aurora,C7_null,Traffic,6,0.15473069747289023,0.0007111842136815265,3
aurora,C7_null,Traffic,8,0.15879597763220468,0.0007124884314602414,3
aurora,C7_null,Traffic,10,0.16302975515524545,0.0009037428810080213,3
aurora,C7_null,Traffic,12,0.16861694554487863,0.0003038632007620342,3
aurora,C8_oracle,Agriculture,6,0.18147633969783783,0.0034407915623816477,3
aurora,C8_oracle,Agriculture,8,0.23929423093795776,0.0016479431850163627,3
aurora,C8_oracle,Agriculture,10,0.3075969914595286,0.007597873568811614,3
aurora,C8_oracle,Agriculture,12,0.3723060091336568,0.0077610063703453976,3
aurora,C8_oracle,Climate,6,0.8579492966334025,0.004851164371891038,3
aurora,C8_oracle,Climate,8,0.8630491097768148,0.002062757921811513,3
aurora,C8_oracle,Climate,10,0.8653466502825419,0.0010279593823926138,3
aurora,C8_oracle,Climate,12,0.8736251990000407,0.0007693895924942428,3
aurora,C8_oracle,Economy,6,0.037589763601620994,0.0018817408539847206,3
aurora,C8_oracle,Economy,8,0.03494746486345927,0.0007649046797411896,3
aurora,C8_oracle,Economy,10,0.032373315344254174,0.0007992241189739927,3
aurora,C8_oracle,Economy,12,0.0335068441927433,0.0005402740517137046,3
aurora,C8_oracle,Energy,12,0.11945873250563939,0.001516571123560174,3
aurora,C8_oracle,Energy,24,0.22566461066404978,0.001640570820837807,3
aurora,C8_oracle,Energy,36,0.29229862491289776,0.0002823162946720016,3
aurora,C8_oracle,Energy,48,0.38442279895146686,0.0017553214915869968,3
aurora,C8_oracle,Environment,48,0.2804189721743266,0.00017394217394168293,3
aurora,C8_oracle,Environment,96,0.2844389279683431,9.579163848431031e-05,3
aurora,C8_oracle,Environment,192,0.270294725894928,4.000081210937138e-05,3
aurora,C8_oracle,Environment,336,0.2690717975298564,5.065813042860373e-05,3
aurora,C8_oracle,Health,12,1.0937982400258381,0.0030926992606630397,3
aurora,C8_oracle,Health,24,1.5722042322158813,0.0011153645222479517,3
aurora,C8_oracle,Health,36,1.6962776184082031,0.005294341300368123,3
aurora,C8_oracle,Health,48,1.864514986673991,0.003077829658985609,3
aurora,C8_oracle,Security,6,67.49127197265625,0.09088886113360752,3
aurora,C8_oracle,Security,8,70.80389658610027,0.3293868341535277,3
aurora,C8_oracle,Security,10,74.91026814778645,0.9537931879752845,3
aurora,C8_oracle,Security,12,77.69524637858073,0.13790610031159137,3
aurora,C8_oracle,SocialGood,6,0.7112023035685221,0.0018425514689697738,3
aurora,C8_oracle,SocialGood,8,0.811455488204956,0.004530073680729004,3
aurora,C8_oracle,SocialGood,10,0.8916759888331095,0.0024809008085800634,3
aurora,C8_oracle,SocialGood,12,0.9603296120961508,0.004125014988867938,3
aurora,C8_oracle,Traffic,6,0.1561776598294576,0.0007006597932331873,3
aurora,C8_oracle,Traffic,8,0.16017136971155801,0.0006992895447728243,3
aurora,C8_oracle,Traffic,10,0.16420178612073263,0.000915631948380219,3
aurora,C8_oracle,Traffic,12,0.16958324114481607,0.0002944148732691961,3
mmtsflib,C1_original,Agriculture,6,0.14037355594336987,0.10013093592424392,22
mmtsflib,C1_original,Agriculture,8,0.19140330669672592,0.12960237202644673,23
mmtsflib,C1_original,Agriculture,10,0.28206622777950197,0.20297922266515453,21
mmtsflib,C1_original,Agriculture,12,0.2700991854071617,0.18715046289235546,21
mmtsflib,C1_original,Climate,6,1.142198349748339,0.08565388994657724,21
mmtsflib,C1_original,Climate,8,1.1490659713745117,0.07874331465328128,21
mmtsflib,C1_original,Climate,10,1.1442351520061493,0.061565919039225356,20
mmtsflib,C1_original,Climate,12,1.1417031049728394,0.06443799778887178,20
mmtsflib,C1_original,Economy,6,0.24780900669949396,0.31780127758404175,21
mmtsflib,C1_original,Economy,8,0.2821320771638836,0.3245127378093577,21
mmtsflib,C1_original,Economy,10,0.3776202119886875,0.4272644863538289,20
mmtsflib,C1_original,Economy,12,0.3643712973222136,0.47059613320382315,20
mmtsflib,C1_original,Energy,12,0.1921244469426927,0.06178883054087675,21
mmtsflib,C1_original,Energy,24,0.3271249561082749,0.07807336459346509,21
mmtsflib,C1_original,Energy,36,0.4070075954261579,0.07414398882292236,19
mmtsflib,C1_original,Energy,48,0.5032490566372871,0.0728184918516868,20
mmtsflib,C1_original,Environment,48,0.4647100165486336,0.050017414321203095,20
mmtsflib,C1_original,Environment,96,0.4993959739804268,0.04948932742369345,20
mmtsflib,C1_original,Environment,192,0.5102463411657434,0.07153666225892208,19
mmtsflib,C1_original,Environment,336,0.47952190668959366,0.04633781750776315,19
mmtsflib,C1_original,Health,12,1.2808464348316193,0.36522313522537664,20
mmtsflib,C1_original,Health,24,1.5577184663099402,0.2482400384989933,17
mmtsflib,C1_original,Health,36,1.5931491295496623,0.21196546093879418,15
mmtsflib,C1_original,Health,48,1.6959718545277913,0.22834857972521982,15
mmtsflib,C1_original,Security,6,116.88049136891084,9.192477208908329,17
mmtsflib,C1_original,Security,8,119.51779623592601,7.9966325144687245,17
mmtsflib,C1_original,Security,10,121.32601165771484,8.392724376529236,15
mmtsflib,C1_original,Security,12,121.1851567586263,8.78181081095107,15
mmtsflib,C1_original,SocialGood,6,0.9014322792782503,0.1321838765656711,17
mmtsflib,C1_original,SocialGood,8,1.0190316789290483,0.16697279811091967,17
mmtsflib,C1_original,SocialGood,10,1.0223887009280068,0.12852555158433396,14
mmtsflib,C1_original,SocialGood,12,1.083430745771953,0.15351543736942266,14
mmtsflib,C1_original,Traffic,6,0.2051986982425054,0.05334984821647234,15
mmtsflib,C1_original,Traffic,8,0.2211382705718279,0.052664412045880266,16
mmtsflib,C1_original,Traffic,10,0.21498563034193857,0.042053173651481104,14
mmtsflib,C1_original,Traffic,12,0.25105559825897217,0.04310648829542736,14
mmtsflib,C2_empty,Agriculture,6,0.6299147076076932,0.29621894098836155,9
mmtsflib,C2_empty,Agriculture,8,0.7351251045862833,0.4452589861775514,9
mmtsflib,C2_empty,Agriculture,10,0.8960013720724318,0.47193151931013666,9
mmtsflib,C2_empty,Agriculture,12,0.93317268954383,0.40709527913319704,9
mmtsflib,C2_empty,Climate,6,1.2177802854114108,0.15906241685873082,9
mmtsflib,C2_empty,Climate,8,1.2676555845472548,0.19501436017381207,9
mmtsflib,C2_empty,Climate,10,1.2941400872336493,0.18180908208633964,9
mmtsflib,C2_empty,Climate,12,1.268381224738227,0.1530100511134721,9
mmtsflib,C2_empty,Economy,6,0.406103221906556,0.5382989427307082,9
mmtsflib,C2_empty,Economy,8,0.37825798326068455,0.5029276147949907,9
mmtsflib,C2_empty,Economy,10,0.4022454410377476,0.5745289451922428,9
mmtsflib,C2_empty,Economy,12,0.5768394708219502,0.7943207868996428,9
mmtsflib,C2_empty,Energy,12,0.2328876836432351,0.09202348569985568,9
mmtsflib,C2_empty,Energy,24,0.3637481994099087,0.0541422039963668,9
mmtsflib,C2_empty,Energy,36,0.46449849340650773,0.039088363924718664,9
mmtsflib,C2_empty,Energy,48,0.5483851763937209,0.07361215535562551,9
mmtsflib,C2_empty,Environment,48,0.4537956880198585,0.0301615855935446,9
mmtsflib,C2_empty,Environment,96,0.47930075724919635,0.04119848072362328,9
mmtsflib,C2_empty,Environment,192,0.48822450306680465,0.055727505630451805,9
mmtsflib,C2_empty,Environment,336,0.4696238372060988,0.03944519163844687,9
mmtsflib,C2_empty,Health,12,1.3371134201685588,0.4025055429628154,9
mmtsflib,C2_empty,Health,24,1.70118514696757,0.2143453474849225,9
mmtsflib,C2_empty,Health,36,1.850174903869629,0.289521018565309,9
mmtsflib,C2_empty,Health,48,1.956212904718187,0.20281997529537948,9
mmtsflib,C2_empty,Security,6,117.14362335205078,10.012936935707334,9
mmtsflib,C2_empty,Security,8,120.40718502468533,9.101107776169583,9
mmtsflib,C2_empty,Security,10,121.92961968315973,9.415045605147256,9
mmtsflib,C2_empty,Security,12,122.89076911078558,9.024081531204317,9
mmtsflib,C2_empty,SocialGood,6,1.0549625621901617,0.2653722786407774,9
mmtsflib,C2_empty,SocialGood,8,1.176402873463101,0.39155654112843546,9
mmtsflib,C2_empty,SocialGood,10,1.2059312793943617,0.31142397092479435,9
mmtsflib,C2_empty,SocialGood,12,1.2215537163946364,0.30825975281245166,9
mmtsflib,C2_empty,Traffic,6,0.343068723877271,0.18329671711489734,9
mmtsflib,C2_empty,Traffic,8,0.35934462481074864,0.2556683885009991,9
mmtsflib,C2_empty,Traffic,10,0.38791706164677936,0.25193449546712143,9
mmtsflib,C2_empty,Traffic,12,0.3919832292530272,0.1693418023736283,9
mmtsflib,C3_shuffled,Agriculture,6,0.15196343552735117,0.11584949163355616,9
mmtsflib,C3_shuffled,Agriculture,8,0.20065915087858835,0.1362663843402422,9
mmtsflib,C3_shuffled,Agriculture,10,0.26285316712326473,0.1972914573427099,9
mmtsflib,C3_shuffled,Agriculture,12,0.2929950894580947,0.2032430232187707,9
mmtsflib,C3_shuffled,Climate,6,1.1346890264087253,0.08041050070187555,9
mmtsflib,C3_shuffled,Climate,8,1.1660767793655396,0.0646857024083847,9
mmtsflib,C3_shuffled,Climate,10,1.1604253583484225,0.04663759679827449,9
mmtsflib,C3_shuffled,Climate,12,1.1700213617748685,0.04956202885376434,9
mmtsflib,C3_shuffled,Economy,6,0.29049262238873375,0.38550370249146204,9
mmtsflib,C3_shuffled,Economy,8,0.33034060440129703,0.4238890313167545,9
mmtsflib,C3_shuffled,Economy,10,0.41739092332621414,0.5741692192813259,9
mmtsflib,C3_shuffled,Economy,12,0.449739726467265,0.6254496923055779,9
mmtsflib,C3_shuffled,Energy,12,0.20488127734926012,0.06996352017810313,9
mmtsflib,C3_shuffled,Energy,24,0.31201999220583176,0.06008090118061805,9
mmtsflib,C3_shuffled,Energy,36,0.3860030008686913,0.05960883479631631,9
mmtsflib,C3_shuffled,Energy,48,0.476352228058709,0.04405219449546403,9
mmtsflib,C3_shuffled,Environment,48,0.45328791936238605,0.03413678878325451,9
mmtsflib,C3_shuffled,Environment,96,0.4820704327689277,0.05683148088832738,9
mmtsflib,C3_shuffled,Environment,192,0.5005441539817386,0.0855312970504556,9
mmtsflib,C3_shuffled,Environment,336,0.47407511207792496,0.05845862776754742,9
mmtsflib,C3_shuffled,Health,12,1.2240562041600545,0.32785123551291695,9
mmtsflib,C3_shuffled,Health,24,1.5517266591389973,0.16256483762843002,9
mmtsflib,C3_shuffled,Health,36,1.6960898770226374,0.21132003879280462,9
mmtsflib,C3_shuffled,Health,48,1.8298072550031874,0.1630583065846103,9
mmtsflib,C3_shuffled,Security,6,115.82120005289714,9.879897951569605,9
mmtsflib,C3_shuffled,Security,8,118.0823237101237,8.94280588084494,9
mmtsflib,C3_shuffled,Security,10,120.22460005018446,9.393792913782107,9
mmtsflib,C3_shuffled,Security,12,120.91747707790799,8.873657907591939,9
mmtsflib,C3_shuffled,SocialGood,6,0.9344903760486178,0.1253005842196722,9
mmtsflib,C3_shuffled,SocialGood,8,1.0260231097539265,0.18773431451942318,9
mmtsflib,C3_shuffled,SocialGood,10,1.07511485947503,0.15731572402338795,9
mmtsflib,C3_shuffled,SocialGood,12,1.111523495780097,0.1583610000083337,9
mmtsflib,C3_shuffled,Traffic,6,0.22129259341292912,0.062175447341016175,9
mmtsflib,C3_shuffled,Traffic,8,0.22697967953152126,0.06916717287885711,9
mmtsflib,C3_shuffled,Traffic,10,0.22295647694004905,0.04782040259749635,9
mmtsflib,C3_shuffled,Traffic,12,0.26536989708741504,0.045036658120354574,9
mmtsflib,C4_crossdomain,Agriculture,6,0.14418378058407041,0.10215482786783196,9
mmtsflib,C4_crossdomain,Agriculture,8,0.19972047044171226,0.13506163247405525,9
mmtsflib,C4_crossdomain,Agriculture,10,0.26290906469027203,0.19785648981168175,9
mmtsflib,C4_crossdomain,Agriculture,12,0.2858543031745487,0.19322759983697996,9
mmtsflib,C4_crossdomain,Climate,6,1.1340185933642917,0.0746764480190784,9
mmtsflib,C4_crossdomain,Climate,8,1.1588026020261977,0.07492170711042703,9
mmtsflib,C4_crossdomain,Climate,10,1.1819951401816473,0.05599970937806249,9
mmtsflib,C4_crossdomain,Climate,12,1.1706882450315688,0.04740392716607498,9
mmtsflib,C4_crossdomain,Economy,6,0.29846678632828927,0.3900907581305734,9
mmtsflib,C4_crossdomain,Economy,8,0.3388503791971339,0.43389127251612775,9
mmtsflib,C4_crossdomain,Economy,10,0.4169875995980369,0.5762198378707256,9
mmtsflib,C4_crossdomain,Economy,12,0.4302550119658311,0.5944205804385468,9
mmtsflib,C4_crossdomain,Energy,12,0.20514855451054043,0.0686984313957793,9
mmtsflib,C4_crossdomain,Energy,24,0.3095172925127877,0.05956100615906433,9
mmtsflib,C4_crossdomain,Energy,36,0.38200391994582283,0.0656343509602172,9
mmtsflib,C4_crossdomain,Energy,48,0.4763461881213718,0.04203932960430419,9
mmtsflib,C4_crossdomain,Environment,48,0.45106710990269977,0.03400745445727851,9
mmtsflib,C4_crossdomain,Environment,96,0.4843461281723446,0.05721872800231726,9
mmtsflib,C4_crossdomain,Environment,192,0.49962253040737575,0.0856613777359539,9
mmtsflib,C4_crossdomain,Environment,336,0.47426771124204,0.05845821297715343,9
mmtsflib,C4_crossdomain,Health,12,1.2047884795400832,0.3378358792902143,9
mmtsflib,C4_crossdomain,Health,24,1.5460004938973322,0.1598317878006899,9
mmtsflib,C4_crossdomain,Health,36,1.6937860250473022,0.20223948075973194,9
mmtsflib,C4_crossdomain,Health,48,1.8146087858412001,0.18001685153502056,9
mmtsflib,C4_crossdomain,Security,6,115.86990102132161,9.963095376828578,9
mmtsflib,C4_crossdomain,Security,8,117.89468892415364,8.859965165072076,9
mmtsflib,C4_crossdomain,Security,10,120.22886064317491,9.303993066227488,9
mmtsflib,C4_crossdomain,Security,12,120.96949259440105,8.824241511787907,9
mmtsflib,C4_crossdomain,SocialGood,6,0.9256678488519456,0.14120283389967023,9
mmtsflib,C4_crossdomain,SocialGood,8,1.0220389763514202,0.17375206033011134,9
mmtsflib,C4_crossdomain,SocialGood,10,1.0737805830107794,0.14476835006312808,9
mmtsflib,C4_crossdomain,SocialGood,12,1.1105862061182659,0.15865714813462573,9
mmtsflib,C4_crossdomain,Traffic,6,0.22267439133591121,0.060556883623245655,9
mmtsflib,C4_crossdomain,Traffic,8,0.22500188648700714,0.07056218279402533,9
mmtsflib,C4_crossdomain,Traffic,10,0.22191577156384787,0.048284553711858864,9
mmtsflib,C4_crossdomain,Traffic,12,0.26555271281136406,0.044838808459118785,9
mmtsflib,C5_constant,Agriculture,6,0.6268623007668389,0.29203932211318534,9
mmtsflib,C5_constant,Agriculture,8,0.735849142074585,0.44334842932277113,9
mmtsflib,C5_constant,Agriculture,10,0.9231959448920356,0.4488978238109508,9
mmtsflib,C5_constant,Agriculture,12,0.9320525924364725,0.40924705467020484,9
mmtsflib,C5_constant,Climate,6,1.2176062398486667,0.1597536635532892,9
mmtsflib,C5_constant,Climate,8,1.2685415744781494,0.19383933659211636,9
mmtsflib,C5_constant,Climate,10,1.2937984996371799,0.18299258802821297,9
mmtsflib,C5_constant,Climate,12,1.2642389138539631,0.15795292141216336,9
mmtsflib,C5_constant,Economy,6,0.3915199405617184,0.5089920533402275,9
mmtsflib,C5_constant,Economy,8,0.37662076556848156,0.5025431976452637,9
mmtsflib,C5_constant,Economy,10,0.3995403877149026,0.5716764564683499,9
mmtsflib,C5_constant,Economy,12,0.5788555759936571,0.7974802271812101,9
mmtsflib,C5_constant,Energy,12,0.23376889692412484,0.09183442827598913,9
mmtsflib,C5_constant,Energy,24,0.3657037549548679,0.05333536823232458,9
mmtsflib,C5_constant,Energy,36,0.4600600798924764,0.04024183014984208,9
mmtsflib,C5_constant,Energy,48,0.5487011505497826,0.07326118409647442,9
mmtsflib,C5_constant,Environment,48,0.4579896363947127,0.03465968352029548,9
mmtsflib,C5_constant,Environment,96,0.4809684455394745,0.04300187943765964,9
mmtsflib,C5_constant,Environment,192,0.4883106019761827,0.055826089773941455,9
mmtsflib,C5_constant,Environment,336,0.46921196911070084,0.03934853593407359,9
mmtsflib,C5_constant,Health,12,1.3611706892649333,0.39199539050797894,9
mmtsflib,C5_constant,Health,24,1.7019226683510675,0.21431459428043953,9
mmtsflib,C5_constant,Health,36,1.8513549168904622,0.2881867946581222,9
mmtsflib,C5_constant,Health,48,1.9584664636188083,0.20094458489961012,9
mmtsflib,C5_constant,Security,6,117.12771097819011,9.97868008572208,9
mmtsflib,C5_constant,Security,8,120.47775607638889,9.181578154400825,9
mmtsflib,C5_constant,Security,10,121.90314568413629,9.359536084157018,9
mmtsflib,C5_constant,Security,12,122.90377129448785,9.038577893729672,9
mmtsflib,C5_constant,SocialGood,6,1.0538326899210613,0.2671157883772605,9
mmtsflib,C5_constant,SocialGood,8,1.177113758193122,0.38850576568625844,9
mmtsflib,C5_constant,SocialGood,10,1.205090774430169,0.3120075036674745,9
mmtsflib,C5_constant,SocialGood,12,1.2219576438268025,0.30810825410579207,9
mmtsflib,C5_constant,Traffic,6,0.3454584810468886,0.1820079305313751,9
mmtsflib,C5_constant,Traffic,8,0.35989366802904343,0.2543822909785276,9
mmtsflib,C5_constant,Traffic,10,0.3948301242457496,0.2492763820145001,9
mmtsflib,C5_constant,Traffic,12,0.3920607301923964,0.1688867510512515,9
mmtsflib,C6_unimodal,Agriculture,6,0.17900549372037253,0.12217920746929348,9
mmtsflib,C6_unimodal,Agriculture,8,0.25139349864588845,0.17755833947469765,9
mmtsflib,C6_unimodal,Agriculture,10,0.30591456012593377,0.22437059840205212,9
mmtsflib,C6_unimodal,Agriculture,12,0.3440028842952516,0.23632943608169826,9
mmtsflib,C6_unimodal,Climate,6,1.230795979499817,0.13967661003556928,9
mmtsflib,C6_unimodal,Climate,8,1.246472133530511,0.13544944811017712,9
mmtsflib,C6_unimodal,Climate,10,1.2598487668567233,0.09302809194222308,9
mmtsflib,C6_unimodal,Climate,12,1.2590111361609564,0.09747551910410819,9
mmtsflib,C6_unimodal,Economy,6,0.3917610758087701,0.4813507019221571,9
mmtsflib,C6_unimodal,Economy,8,0.41588160147269565,0.50345223862733,9
mmtsflib,C6_unimodal,Economy,10,0.4671649775571293,0.5940023885181298,9
mmtsflib,C6_unimodal,Economy,12,0.5513871719853746,0.7327223269705276,9
mmtsflib,C6_unimodal,Energy,12,0.20192000932163662,0.06731525131094175,9
mmtsflib,C6_unimodal,Energy,24,0.3194982260465622,0.05538755767007335,9
mmtsflib,C6_unimodal,Energy,36,0.3976999521255493,0.06824803570465998,9
mmtsflib,C6_unimodal,Energy,48,0.47720156113306683,0.049151200387968275,9
mmtsflib,C6_unimodal,Environment,48,0.46596279078059727,0.036650103598520625,9
mmtsflib,C6_unimodal,Environment,96,0.5143651564915975,0.07187049622342484,9
mmtsflib,C6_unimodal,Environment,192,0.5325047738022275,0.10585959855716,9
mmtsflib,C6_unimodal,Environment,336,0.4963989059130351,0.07042230548636456,9
mmtsflib,C6_unimodal,Health,12,1.278901649845971,0.35010593463766077,9
mmtsflib,C6_unimodal,Health,24,1.5962058703104656,0.19324792708413807,9
mmtsflib,C6_unimodal,Health,36,1.7771133846706815,0.23655395868111317,9
mmtsflib,C6_unimodal,Health,48,1.9191923009024725,0.17457503477307731,9
mmtsflib,C6_unimodal,Security,6,117.59002176920573,9.604360812620598,9
mmtsflib,C6_unimodal,Security,8,120.01607428656683,8.478061839971348,9
mmtsflib,C6_unimodal,Security,10,121.65210045708551,8.863847949304708,9
mmtsflib,C6_unimodal,Security,12,122.83382246229384,8.393121910573631,9
mmtsflib,C6_unimodal,SocialGood,6,0.9532413416438632,0.1619162707666925,9
mmtsflib,C6_unimodal,SocialGood,8,1.1011005640029907,0.23371729499904786,9
mmtsflib,C6_unimodal,SocialGood,10,1.1071103281444974,0.15688988888984542,9
mmtsflib,C6_unimodal,SocialGood,12,1.1522475481033325,0.20726960458348032,9
mmtsflib,C6_unimodal,Traffic,6,0.2597614112827513,0.10539189746283324,9
mmtsflib,C6_unimodal,Traffic,8,0.2661980224980248,0.11270804803492528,9
mmtsflib,C6_unimodal,Traffic,10,0.25242798527081806,0.08575917731068622,9
mmtsflib,C6_unimodal,Traffic,12,0.30321236285898423,0.084307420232888,9
mmtsflib,C7_null,Agriculture,6,0.633110029829873,0.29632711598024636,9
mmtsflib,C7_null,Agriculture,8,0.7364701595571306,0.44415813951462124,9
mmtsflib,C7_null,Agriculture,10,0.8959135082032945,0.4720981046189267,9
mmtsflib,C7_null,Agriculture,12,0.9324922031826444,0.4078127524240327,9
mmtsflib,C7_null,Climate,6,1.220221479733785,0.1577085391507138,9
mmtsflib,C7_null,Climate,8,1.2666271792517767,0.19580879502933424,9
mmtsflib,C7_null,Climate,10,1.3072724209891424,0.17280600154309186,9
mmtsflib,C7_null,Climate,12,1.2637653085920546,0.1588678558742192,9
mmtsflib,C7_null,Economy,6,0.3785166448603074,0.4909623310800053,9
mmtsflib,C7_null,Economy,8,0.3757028786672486,0.49867797901276667,9
mmtsflib,C7_null,Economy,10,0.398751228219933,0.569729582371698,9
mmtsflib,C7_null,Economy,12,0.5776670761406422,0.7956539683381955,9
mmtsflib,C7_null,Energy,12,0.23390181362628937,0.09141100247028136,9
mmtsflib,C7_null,Energy,24,0.36427391899956596,0.05454755330875396,9
mmtsflib,C7_null,Energy,36,0.4643250240219964,0.03886957744174851,9
mmtsflib,C7_null,Energy,48,0.5489627222220103,0.07543555000568614,9
mmtsflib,C7_null,Environment,48,0.4574783709314134,0.03351887718367326,9
mmtsflib,C7_null,Environment,96,0.4796092079745399,0.04175370602050855,9
mmtsflib,C7_null,Environment,192,0.48943348394499886,0.05614032963157008,9
mmtsflib,C7_null,Environment,336,0.4696734779410892,0.0396566722424253,9
mmtsflib,C7_null,Health,12,1.3387542963027954,0.4025523646410485,9
mmtsflib,C7_null,Health,24,1.7091727654139202,0.20173306939234617,9
mmtsflib,C7_null,Health,36,1.8493984407848783,0.29055730557289156,9
mmtsflib,C7_null,Health,48,1.9586931069691975,0.2001509084703952,9
mmtsflib,C7_null,Security,6,117.09292517768012,9.952697241024788,9
mmtsflib,C7_null,Security,8,120.44100528293185,9.137156599659352,9
mmtsflib,C7_null,Security,10,121.98922051323785,9.48479934972116,9
mmtsflib,C7_null,Security,12,122.92394341362848,9.054110491847673,9
mmtsflib,C7_null,SocialGood,6,1.0512123703956604,0.2684344885087858,9
mmtsflib,C7_null,SocialGood,8,1.1755640904108684,0.389857393007825,9
mmtsflib,C7_null,SocialGood,10,1.2059631215201483,0.31094024393606645,9
mmtsflib,C7_null,SocialGood,12,1.221263713306851,0.3083598068697552,9
mmtsflib,C7_null,Traffic,6,0.3368319686916139,0.18810220967477875,9
mmtsflib,C7_null,Traffic,8,0.3591092179218928,0.25522860123258323,9
mmtsflib,C7_null,Traffic,10,0.38860532972547746,0.25307885010211123,9
mmtsflib,C7_null,Traffic,12,0.38909750680128735,0.16497250211471848,9
mmtsflib,C8_oracle,Agriculture,6,0.14627808373835352,0.1047226431891783,9
mmtsflib,C8_oracle,Agriculture,8,0.22154400083753797,0.16372886398971637,9
mmtsflib,C8_oracle,Agriculture,10,0.27427727315160966,0.21197584172831832,9
mmtsflib,C8_oracle,Agriculture,12,0.2940302648478084,0.20426510980047727,9
mmtsflib,C8_oracle,Climate,6,1.1440902418560452,0.0750909824826486,9
mmtsflib,C8_oracle,Climate,8,1.1686142683029175,0.06473217481071752,9
mmtsflib,C8_oracle,Climate,10,1.168990174929301,0.036485638146261344,9
mmtsflib,C8_oracle,Climate,12,1.168747729725308,0.046676915095276376,9
mmtsflib,C8_oracle,Economy,6,0.3250244920038515,0.4270862469986247,9
mmtsflib,C8_oracle,Economy,8,0.3305091657158401,0.4214862795513508,9
mmtsflib,C8_oracle,Economy,10,0.397933734787835,0.537772205649198,9
mmtsflib,C8_oracle,Economy,12,0.489564617888795,0.695757312813505,9
mmtsflib,C8_oracle,Energy,12,0.20993197543753517,0.07195438252576968,9
mmtsflib,C8_oracle,Energy,24,0.30981914036803776,0.05696324414163898,9
mmtsflib,C8_oracle,Energy,36,0.3841742277145386,0.07116880545977829,9
mmtsflib,C8_oracle,Energy,48,0.47651277316941154,0.04261249100392314,9
mmtsflib,C8_oracle,Environment,48,0.4489925702412923,0.029853379086491934,9
mmtsflib,C8_oracle,Environment,96,0.48869770103030735,0.05807322564648198,9
mmtsflib,C8_oracle,Environment,192,0.502107044061025,0.08466044283426584,9
mmtsflib,C8_oracle,Environment,336,0.4755428863896264,0.05683092704665599,9
mmtsflib,C8_oracle,Health,12,1.2284147673183017,0.3255795023276448,9
mmtsflib,C8_oracle,Health,24,1.554504116376241,0.1431212391971082,9
mmtsflib,C8_oracle,Health,36,1.6880098978678386,0.20269843700535398,9
mmtsflib,C8_oracle,Health,48,1.8267298009660509,0.17335083670536966,9
mmtsflib,C8_oracle,Security,6,115.26872677273221,9.487235578932896,9
mmtsflib,C8_oracle,Security,8,118.49304877387152,9.089052261506,9
mmtsflib,C8_oracle,Security,10,120.20102183024089,9.19583561988841,9
mmtsflib,C8_oracle,Security,12,121.04749637179904,8.812181156440744,9
mmtsflib,C8_oracle,SocialGood,6,0.9462480876180861,0.1541270826095398,9
mmtsflib,C8_oracle,SocialGood,8,1.0900849766201444,0.2506974988793863,9
mmtsflib,C8_oracle,SocialGood,10,1.0774675673908658,0.15653249715061743,9
mmtsflib,C8_oracle,SocialGood,12,1.1103539400630527,0.161096468403579,9
mmtsflib,C8_oracle,Traffic,6,0.2175576819313897,0.06277160893078945,9
mmtsflib,C8_oracle,Traffic,8,0.23276263806555006,0.06456847364188685,9
mmtsflib,C8_oracle,Traffic,10,0.2258621503909429,0.04499393164481494,9
mmtsflib,C8_oracle,Traffic,12,0.26511387195852065,0.04624403560782419,9
tats,C1_original,Agriculture,6,0.10268610122579115,0.031772768470247056,27
tats,C1_original,Agriculture,8,0.1254125284375968,0.03854303237883141,27
tats,C1_original,Agriculture,10,0.1592080088125335,0.06015123055022392,27
tats,C1_original,Agriculture,12,0.19994745762259872,0.07627100988354522,27
tats,C1_original,Climate,6,0.9470029098016245,0.026284242385717176,27
tats,C1_original,Climate,8,0.9682811344111407,0.038534465101206526,27
tats,C1_original,Climate,10,0.9794598001020925,0.038640691490284464,27
tats,C1_original,Climate,12,0.974558225384465,0.03132107702757941,27
tats,C1_original,Economy,6,0.07507481933053997,0.09351816814523212,27
tats,C1_original,Economy,8,0.09194782600496654,0.11501641741326565,27
tats,C1_original,Economy,10,0.0942703126412299,0.123162605760736,27
tats,C1_original,Economy,12,0.10464575783246094,0.13669925760045906,27
tats,C1_original,Energy,12,0.25822531514697605,0.08253119882507456,27
tats,C1_original,Energy,24,0.3513302499497378,0.07090686117739735,27
tats,C1_original,Energy,36,0.4213862595734773,0.05234011620961666,27
tats,C1_original,Energy,48,0.5106077315630736,0.05036785209803159,27
tats,C1_original,Environment,48,0.27929573588901097,0.01297387146642239,27
tats,C1_original,Environment,96,0.2922423161842205,0.020987397291281566,27
tats,C1_original,Environment,192,0.29526420323937025,0.03033458376611883,27
tats,C1_original,Environment,336,0.2838437971141603,0.03270156949636589,27
tats,C1_original,Health,12,1.1467599912926003,0.23797995768717645,27
tats,C1_original,Health,24,1.329468356238471,0.14408451222008217,27
tats,C1_original,Health,36,1.391248689757453,0.1542783158309926,27
tats,C1_original,Health,48,1.4533897682472512,0.138152870372836,27
tats,C1_original,Security,6,111.68422812002676,7.033161812526916,27
tats,C1_original,Security,8,113.57384264910662,6.468618306070523,27
tats,C1_original,Security,10,115.39492571795428,6.7543903497224065,27
tats,C1_original,Security,12,115.6860272442853,6.562316373460638,27
tats,C1_original,SocialGood,6,0.9597073285667984,0.09881443024622849,27
tats,C1_original,SocialGood,8,1.0114765741206981,0.11699458914214864,27
tats,C1_original,SocialGood,10,1.0437326872790302,0.09219639131644046,27
tats,C1_original,SocialGood,12,1.0779416428671942,0.11984540469201829,27
tats,C1_original,Traffic,6,0.16590313834172707,0.01457059374856415,27
tats,C1_original,Traffic,8,0.16811855302916634,0.01820780371816897,27
tats,C1_original,Traffic,10,0.17244944749055086,0.015159075534072268,27
tats,C1_original,Traffic,12,0.21538064159728862,0.023469215891156223,27
tats,C2_empty,Agriculture,6,10.249725896451208,11.22666729529338,27
tats,C2_empty,Agriculture,8,10.560116169629273,11.447624927531905,27
tats,C2_empty,Agriculture,10,11.026596864064535,11.766596624036987,27
tats,C2_empty,Agriculture,12,11.211485633143672,11.857920687040293,27
tats,C2_empty,Climate,6,2.5822257664468555,2.539548656032112,27
tats,C2_empty,Climate,8,2.6185314302091247,2.6183735043504623,27
tats,C2_empty,Climate,10,2.6280761383197926,2.641035491261264,27
tats,C2_empty,Climate,12,2.5881890654563904,2.5891169706046684,27
tats,C2_empty,Economy,6,0.5550246035887135,0.6342655389277903,27
tats,C2_empty,Economy,8,0.5253168501097847,0.5278115169244149,27
tats,C2_empty,Economy,10,0.5641701172485396,0.5537351702884225,27
tats,C2_empty,Economy,12,0.617530894983146,0.646054524858955,27
tats,C2_empty,Energy,12,0.9561049424939685,1.092429029413994,27
tats,C2_empty,Energy,24,1.0822527116095577,1.0829008875986659,27
tats,C2_empty,Energy,36,1.192710801407143,1.1280292630622495,27
tats,C2_empty,Energy,48,1.2741667992538876,1.119701700258814,27
tats,C2_empty,Environment,48,0.4062315821647644,0.09929632900228891,27
tats,C2_empty,Environment,96,0.461814750123907,0.14133960071575327,27
tats,C2_empty,Environment,192,0.47292871166158607,0.16520282180414186,27
tats,C2_empty,Environment,336,0.42504158505687006,0.10316136414883026,27
tats,C2_empty,Health,12,1.6289280542620905,0.7141288170594614,27
tats,C2_empty,Health,24,1.8040721151563857,0.5224317340910369,27
tats,C2_empty,Health,36,1.9061347996747051,0.5627618852666924,27
tats,C2_empty,Health,48,1.993073856389081,0.552330909322281,27
tats,C2_empty,Security,6,118.54348020200376,9.51943929639143,27
tats,C2_empty,Security,8,121.32907019721137,8.501169170972448,27
tats,C2_empty,Security,10,122.73076318811488,7.935805606777071,27
tats,C2_empty,Security,12,123.66922138355396,7.68551373539274,27
tats,C2_empty,SocialGood,6,2.6277195789195873,2.022935194899227,27
tats,C2_empty,SocialGood,8,2.647559298409356,1.9550298096215137,27
tats,C2_empty,SocialGood,10,2.5200469692548118,1.745052010587098,27
tats,C2_empty,SocialGood,12,2.496830328747078,1.6574793954735116,27
tats,C2_empty,Traffic,6,2.6497778831808656,3.580926372802112,27
tats,C2_empty,Traffic,8,2.779862524734603,3.646766786159422,27
tats,C2_empty,Traffic,10,3.041858990435247,3.7042159680226505,27
tats,C2_empty,Traffic,12,3.0141162044472165,3.5521337783812794,27
tats,C3_shuffled,Agriculture,6,0.10615458215276401,0.03812957167380736,15
tats,C3_shuffled,Agriculture,8,0.12945140153169632,0.04272390544863834,15
tats,C3_shuffled,Agriculture,10,0.1711364229520162,0.07094490379256642,15
tats,C3_shuffled,Agriculture,12,0.21027610798676807,0.08763311650154271,15
tats,C3_shuffled,Climate,6,0.945539132754008,0.02697316904783002,15
tats,C3_shuffled,Climate,8,0.9599152445793152,0.029332676851762583,15
tats,C3_shuffled,Climate,10,0.9818573037783305,0.04060765641359846,15
tats,C3_shuffled,Climate,12,0.9747955719629924,0.02829009060749575,15
tats,C3_shuffled,Economy,6,0.09217038551966349,0.11411298956355322,15
tats,C3_shuffled,Economy,8,0.10986108233531316,0.13069188266412107,15
tats,C3_shuffled,Economy,10,0.11313826193412145,0.14478976375627287,15
tats,C3_shuffled,Economy,12,0.13046334739774465,0.16237681312534027,15
tats,C3_shuffled,Energy,12,0.25831319292386373,0.08738219239174794,15
tats,C3_shuffled,Energy,24,0.3575870513916016,0.07888963334883159,15
tats,C3_shuffled,Energy,36,0.42003289659818016,0.05319454533047093,15
tats,C3_shuffled,Energy,48,0.5133430302143097,0.05606201078705096,15
tats,C3_shuffled,Environment,48,0.27800208601084625,0.011225881241224813,11
tats,C3_shuffled,Environment,96,0.29404660165309904,0.02361432197553583,10
tats,C3_shuffled,Environment,192,0.30221500992774963,0.04513185270504192,9
tats,C3_shuffled,Environment,336,0.2852783617046144,0.03711588895621986,9
tats,C3_shuffled,Health,12,1.1502320369084675,0.27607015852199723,9
tats,C3_shuffled,Health,24,1.3283094829983182,0.16706928580963676,9
tats,C3_shuffled,Health,36,1.3917486402723525,0.16708136554271047,9
tats,C3_shuffled,Health,48,1.4605191813574896,0.14140638211518886,9
tats,C3_shuffled,Security,6,113.22701432969835,7.860245251466102,9
tats,C3_shuffled,Security,8,114.56503465440538,7.1932268546807245,9
tats,C3_shuffled,Security,10,116.76781378851996,6.877317755695814,9
tats,C3_shuffled,Security,12,116.58089870876736,6.712529412198931,9
tats,C3_shuffled,SocialGood,6,0.9814819892247518,0.12519012041247113,9
tats,C3_shuffled,SocialGood,8,1.0085310075018141,0.12449730393683198,9
tats,C3_shuffled,SocialGood,10,1.050426767932044,0.10885196491053901,9
tats,C3_shuffled,SocialGood,12,1.0763607554965549,0.1413096770923038,9
tats,C3_shuffled,Traffic,6,0.17417382366127437,0.01963169050946156,9
tats,C3_shuffled,Traffic,8,0.17857074903117287,0.02641100005102519,9
tats,C3_shuffled,Traffic,10,0.1782478474908405,0.022648210484022442,9
tats,C3_shuffled,Traffic,12,0.22509911325242785,0.02724019713610159,9
tats,C4_crossdomain,Agriculture,6,0.11288829147815704,0.04653276641565143,9
tats,C4_crossdomain,Agriculture,8,0.13440181646082136,0.049129050941980945,9
tats,C4_crossdomain,Agriculture,10,0.18318412784073088,0.07745360522730303,9
tats,C4_crossdomain,Agriculture,12,0.21928996509975857,0.09571402246937301,9
tats,C4_crossdomain,Climate,6,0.9400406347380744,0.018376971987614246,9
tats,C4_crossdomain,Climate,8,0.9654982686042786,0.027400090711372994,9
tats,C4_crossdomain,Climate,10,0.982009318139818,0.031209142188899676,9
tats,C4_crossdomain,Climate,12,0.9806797901789347,0.02602476896774535,9
tats,C4_crossdomain,Economy,6,0.10480390013092095,0.13223994982796614,9
tats,C4_crossdomain,Economy,8,0.12046047393232584,0.1462463938865261,9
tats,C4_crossdomain,Economy,10,0.13600395681957403,0.17138900217014985,9
tats,C4_crossdomain,Economy,12,0.1469954785166515,0.1835429479043054,9
tats,C4_crossdomain,Energy,12,0.26988547874821556,0.09774435905788136,9
tats,C4_crossdomain,Energy,24,0.3576488478316201,0.07903662379708482,9
tats,C4_crossdomain,Energy,36,0.4185432957278358,0.05811035713052933,9
tats,C4_crossdomain,Energy,48,0.5040670699543424,0.058512637139191595,9
tats,C4_crossdomain,Environment,48,0.2747204171286689,0.006092226403033333,9
tats,C4_crossdomain,Environment,96,0.2960374289088779,0.02417608838985367,9
tats,C4_crossdomain,Environment,192,0.30245568686061436,0.045175500412066444,9
tats,C4_crossdomain,Environment,336,0.28534989058971405,0.03708506209847989,9
tats,C4_crossdomain,Health,12,1.1505622267723083,0.2758214822138918,9
tats,C4_crossdomain,Health,24,1.328220076031155,0.16725627903161364,9
tats,C4_crossdomain,Health,36,1.3915368848376803,0.16736519998502425,9
tats,C4_crossdomain,Health,48,1.4605881770451863,0.14128899824966756,9
tats,C4_crossdomain,Security,6,113.22820112440321,7.862619330915227,9
tats,C4_crossdomain,Security,8,114.56286197238498,7.191290007606263,9
tats,C4_crossdomain,Security,10,116.76799180772569,6.877395111556735,9
tats,C4_crossdomain,Security,12,116.58270009358723,6.714908110670608,9
tats,C4_crossdomain,SocialGood,6,0.9807270699077182,0.12630845594352286,9
tats,C4_crossdomain,SocialGood,8,1.0088563428984747,0.12406817772013583,9
tats,C4_crossdomain,SocialGood,10,1.049974607096778,0.1093521870537753,9
tats,C4_crossdomain,SocialGood,12,1.0760898854997423,0.1417578445306092,9
tats,C4_crossdomain,Traffic,6,0.17424180110295615,0.019551373691261677,9
tats,C4_crossdomain,Traffic,8,0.17739159862200418,0.02788840644604059,9
tats,C4_crossdomain,Traffic,10,0.17828516827689278,0.02260110308398061,9
tats,C4_crossdomain,Traffic,12,0.2262081785334481,0.025778207427645215,9
tats,C5_constant,Agriculture,6,15.36604979303148,10.997397749023373,9
tats,C5_constant,Agriculture,8,15.821772628360325,11.26195955273323,9
tats,C5_constant,Agriculture,10,16.3037684890959,11.51718850722352,9
tats,C5_constant,Agriculture,12,16.467590782377457,11.553162043987495,9
tats,C5_constant,Climate,6,3.276332722769843,2.9507600785722747,9
tats,C5_constant,Climate,8,3.3335125578774347,2.9939483311085673,9
tats,C5_constant,Climate,10,3.3789617485470242,3.0927329470312643,9
tats,C5_constant,Climate,12,3.2800818814171686,3.0014542153283505,9
tats,C5_constant,Economy,6,0.3224058908720811,0.35777835270102637,9
tats,C5_constant,Economy,8,0.3895242725395494,0.47034568005905,9
tats,C5_constant,Economy,10,0.45483818277716637,0.5927551305855989,9
tats,C5_constant,Economy,12,0.5374297586580118,0.7072342302682735,9
tats,C5_constant,Energy,12,1.2413580152723525,1.0906485616874897,9
tats,C5_constant,Energy,24,1.3766430815060933,1.0832200947080228,9
tats,C5_constant,Energy,36,1.5129147933589087,1.1335522887337082,9
tats,C5_constant,Energy,48,1.6073875294791327,1.1394506795426218,9
tats,C5_constant,Environment,48,0.4256364007790883,0.13290992778716018,9
tats,C5_constant,Environment,96,0.4277939465310838,0.10226699792574177,9
tats,C5_constant,Environment,192,0.3843339714739058,0.09535539615918459,9
tats,C5_constant,Environment,336,0.38846005996068317,0.10917577784580139,9
tats,C5_constant,Health,12,1.8705443673663669,0.8572143099797515,9
tats,C5_constant,Health,24,1.979915115568373,0.6796708915676122,9
tats,C5_constant,Health,36,2.040419962671068,0.6635986364088431,9
tats,C5_constant,Health,48,2.1461675034628973,0.6106810126668012,9
tats,C5_constant,Security,6,124.3957985772027,10.469199679206442,9
tats,C5_constant,Security,8,126.08947075737848,9.036373025666679,9
tats,C5_constant,Security,10,126.19549051920573,6.995062304729078,9
tats,C5_constant,Security,12,126.81263309054904,6.786924691921996,9
tats,C5_constant,SocialGood,6,3.3544810281859503,1.98008481343861,9
tats,C5_constant,SocialGood,8,3.2739228937360974,1.816272396790509,9
tats,C5_constant,SocialGood,10,3.303765469127231,1.8068625459110743,9
tats,C5_constant,SocialGood,12,3.227994912200504,1.732055133513585,9
tats,C5_constant,Traffic,6,3.978842240240839,3.8743680509240472,9
tats,C5_constant,Traffic,8,4.187229240934054,3.919784927758951,9
tats,C5_constant,Traffic,10,4.383523787061374,4.02379444021313,9
tats,C5_constant,Traffic,12,4.2971226423978806,3.7839234312908374,9
tats,C6_unimodal,Agriculture,6,0.2318107978337341,0.19550023248383308,9
tats,C6_unimodal,Agriculture,8,0.25872117860449684,0.19462109006273157,9
tats,C6_unimodal,Agriculture,10,0.28299250039789414,0.1903220392550232,9
tats,C6_unimodal,Agriculture,12,0.34995944797992706,0.24663183034888952,9
tats,C6_unimodal,Climate,6,1.2483289241790771,0.13646519491487646,9
tats,C6_unimodal,Climate,8,1.264226622051663,0.11825685601727694,9
tats,C6_unimodal,Climate,10,1.23767884572347,0.10041196829687679,9
tats,C6_unimodal,Climate,12,1.2494864993625217,0.11889387078481525,9
tats,C6_unimodal,Economy,6,0.4363436446421676,0.5530668717338925,9
tats,C6_unimodal,Economy,8,0.48246194877558285,0.6045000728922679,9
tats,C6_unimodal,Economy,10,0.529410598696106,0.7139107841488121,9
tats,C6_unimodal,Economy,12,0.6209978355715672,0.8180552451626867,9
tats,C6_unimodal,Energy,12,0.19977076517211068,0.07426748695602009,9
tats,C6_unimodal,Energy,24,0.30431688990857864,0.06071932738641352,9
tats,C6_unimodal,Energy,36,0.3887358042928908,0.054149106537527525,9
tats,C6_unimodal,Energy,48,0.4879332681496938,0.059668003434198987,9
tats,C6_unimodal,Environment,48,0.3399115237924788,0.05602433586255889,9
tats,C6_unimodal,Environment,96,0.4351961248450809,0.12477422673653545,9
tats,C6_unimodal,Environment,192,0.5069825218783485,0.18913013270409088,9
tats,C6_unimodal,Environment,336,0.42833564347691006,0.13314932828407336,9
tats,C6_unimodal,Health,12,1.4073542886310153,0.4433455852445234,9
tats,C6_unimodal,Health,24,1.6618371937010024,0.26187952010329846,9
tats,C6_unimodal,Health,36,1.8128347396850586,0.199186211421338,9
tats,C6_unimodal,Health,48,1.8811013566123114,0.20098093363549233,9
tats,C6_unimodal,Security,6,116.84912448459201,9.984836661619639,9
tats,C6_unimodal,Security,8,119.17282443576389,8.893014501195465,9
tats,C6_unimodal,Security,10,121.65245310465495,8.209338956599618,9
tats,C6_unimodal,Security,12,122.96870507134332,9.498844033138104,9
tats,C6_unimodal,SocialGood,6,0.9724524087376065,0.14932842049044365,9
tats,C6_unimodal,SocialGood,8,1.0578146709336176,0.154127510921239,9
tats,C6_unimodal,SocialGood,10,1.1079394751124911,0.11933339377320533,9
tats,C6_unimodal,SocialGood,12,1.168168028195699,0.171230819278003,9
tats,C6_unimodal,Traffic,6,0.28382395373450386,0.09768354789940287,9
tats,C6_unimodal,Traffic,8,0.27531057761775124,0.10930160707355055,9
tats,C6_unimodal,Traffic,10,0.2813166959418191,0.07616549107599466,9
tats,C6_unimodal,Traffic,12,0.3167749047279358,0.07723203922478719,9
tats,C7_null,Agriculture,6,15.366042806042564,10.99740820192488,9
tats,C7_null,Agriculture,8,15.821774429745144,11.261956965129754,9
tats,C7_null,Agriculture,10,16.303748316235012,11.517218401418798,9
tats,C7_null,Agriculture,12,16.46758156352573,11.553175809099512,9
tats,C7_null,Climate,6,3.2767920891443887,2.9503581262927248,9
tats,C7_null,Climate,8,3.3338278002209134,2.9936813725426363,9
tats,C7_null,Climate,10,3.3790874812338085,3.0926315215098525,9
tats,C7_null,Climate,12,3.2801626523335776,3.001384775184335,9
tats,C7_null,Economy,6,0.3219788434604804,0.35710094553714417,9
tats,C7_null,Economy,8,0.3891564588993788,0.46978795948234553,9
tats,C7_null,Economy,10,0.45471445678008926,0.5925639615430817,9
tats,C7_null,Economy,12,0.5372935686674383,0.7070323633810585,9
tats,C7_null,Energy,12,1.241355813211865,1.0906507931594793,9
tats,C7_null,Energy,24,1.3769001993868086,1.0829368313271628,9
tats,C7_null,Energy,36,1.5130315522352855,1.1334217265546112,9
tats,C7_null,Energy,48,1.6074135469065771,1.1394218225661463,9
tats,C7_null,Environment,48,0.4246363441149394,0.13320219828979304,9
tats,C7_null,Environment,96,0.4288145535522037,0.10298646364260175,9
tats,C7_null,Environment,192,0.38371390104293823,0.09491314373321273,9
tats,C7_null,Environment,336,0.38875966601901585,0.10919594180768302,9
tats,C7_null,Health,12,1.8692822058995564,0.858528645293508,9
tats,C7_null,Health,24,1.9796168009440105,0.6800828820297695,9
tats,C7_null,Health,36,2.0399872064590454,0.6641912222125893,9
tats,C7_null,Health,48,2.1462469630771213,0.6105416188506795,9
tats,C7_null,Security,6,124.40169016520183,10.473818181966896,9
tats,C7_null,Security,8,126.08809238009982,9.035641755161318,9
tats,C7_null,Security,10,126.19784206814236,6.996940707999033,9
tats,C7_null,Security,12,126.81486256917317,6.789318145046869,9
tats,C7_null,SocialGood,6,3.3541091216935053,1.9806327498475451,9
tats,C7_null,SocialGood,8,3.274575299686856,1.8153153677651426,9
tats,C7_null,SocialGood,10,3.3039866354730396,1.8065276464865487,9
tats,C7_null,SocialGood,12,3.228081179989709,1.7319251540738818,9
tats,C7_null,Traffic,6,3.9788184050056667,3.874394235437992,9
tats,C7_null,Traffic,8,4.187181320455339,3.9198393938595535,9
tats,C7_null,Traffic,10,4.383551044596566,4.023762860023871,9
tats,C7_null,Traffic,12,4.2971262418561516,3.783919069533605,9
tats,C8_oracle,Agriculture,6,0.11301527420679729,0.046697265823095725,9
tats,C8_oracle,Agriculture,8,0.13441664973894754,0.049200066956441815,9
tats,C8_oracle,Agriculture,10,0.18322722531027263,0.07751297028447858,9
tats,C8_oracle,Agriculture,12,0.21939322021272448,0.09589899466794377,9
tats,C8_oracle,Climate,6,0.9403932823075188,0.019164360662815686,9
tats,C8_oracle,Climate,8,0.965288605954912,0.027678690370966475,9
tats,C8_oracle,Climate,10,0.9820570680830214,0.03176818114677519,9
tats,C8_oracle,Climate,12,0.9812094039387174,0.02536779761372656,9
tats,C8_oracle,Economy,6,0.10489057190716267,0.13229678589715824,9
tats,C8_oracle,Economy,8,0.12048168490744299,0.146257284485194,9
tats,C8_oracle,Economy,10,0.13603692481087315,0.1714258103381945,9
tats,C8_oracle,Economy,12,0.14697494140515724,0.18350371658942824,9
tats,C8_oracle,Energy,12,0.2695945335759057,0.09781629369472661,9
tats,C8_oracle,Energy,24,0.35769381291336483,0.07903979877654463,9
tats,C8_oracle,Energy,36,0.4187272886435191,0.05821355257047985,9
tats,C8_oracle,Energy,48,0.5040594802962409,0.05852058894429251,9
tats,C8_oracle,Environment,48,0.2758242189884186,0.0063457770122809926,9
tats,C8_oracle,Environment,96,0.2969312138027615,0.024643825786033663,9
tats,C8_oracle,Environment,192,0.30202189419004655,0.045094187259955086,9
tats,C8_oracle,Environment,336,0.28531959156195325,0.03709989679843025,9
tats,C8_oracle,Health,12,1.1499725646442838,0.2762818806831744,9
tats,C8_oracle,Health,24,1.3282601833343506,0.1671146128969139,9
tats,C8_oracle,Health,36,1.3916976186964247,0.1671081185172904,9
tats,C8_oracle,Health,48,1.460054384337531,0.14201175948370143,9
tats,C8_oracle,Security,6,113.22140757242839,7.855023162062347,9
tats,C8_oracle,Security,8,114.56429036458333,7.1927803216173505,9
tats,C8_oracle,Security,10,116.76535034179688,6.873947582737353,9
tats,C8_oracle,Security,12,116.5799577501085,6.711275421134639,9
tats,C8_oracle,SocialGood,6,0.9808777901861403,0.12604953430376423,9
tats,C8_oracle,SocialGood,8,1.0088604357507494,0.12406229493443481,9
tats,C8_oracle,SocialGood,10,1.0497710373666551,0.1096721483083065,9
tats,C8_oracle,SocialGood,12,1.0758408771620855,0.14208462232052696,9
tats,C8_oracle,Traffic,6,0.17437392638789284,0.019434577689544163,9
tats,C8_oracle,Traffic,8,0.17859751151667702,0.026376804125668035,9
tats,C8_oracle,Traffic,10,0.1782720900244183,0.02261350995738955,9
tats,C8_oracle,Traffic,12,0.22623499234517416,0.025737932136785224,9
